排序编号	词汇或词组	日语汉字及外来语原词形式	词性	词义	等级要求
1	あいず	【合図】	(名)	信号	5
2	アイディア	【idea】	(名)	想法，灵感，点子	5
3	アイドル	【idle】	(名)	偶像	5
4	あがる	【上がる】	(动  1  自)	上，升起，上升	4
5	あきらか	【明らか】	(形  2)	明显，显然	4
6	あきらめる	【諦める】	(动  2  他)	放弃，死心，断念	4
7	あける	【明ける】	(动  2  自)	（天）亮	5
8	あける	【開ける】	(动  2  他)	开；打开；推开；拉开	5
9	あげる	【上げる】	(动  2  他)	举，抬，扬，提高	5
10	あげる	【揚げる】	(动  2  他)	(油)炸	5
11	あじわう	【味わう】	(动  1  他)	品味；玩味；体验	5
12	あずかる	【預かる】	(动  1  他)	保管，保留	5
13	あずける	【預ける】	(动  2  他)	寄存；委托	5
14	あせる	【焦る】	(动  1  自)	着急，焦躁，焦虑	4
15	あたえる	【与える】	(动  2  他)	给，给予，授予	4
16	あたためる	【暖・温める】	(动  2  他)	加温，加热，烫	5
17	あたりまえ	【当たり前】	(名･形  2)	当然，理所应当	4
18	あたる	【当たる】	(动  1  自)	碰上，撞上，命中	5
19	あっか	【悪化】	(名･动３自)	恶化，变坏	5
20	あつかう	【扱う】	(动  1  他)	操纵，处理，接待	5
21	あてる	【当てる】	(动  2  他)	猜测，推测；对应上	4
22	アドバイス	【advice】	(名･动  3  他)	建议	4
23	あな	【穴】	(名)	孔，洞	4
24	アニメ	【animation】	(名)	动画片	4
25	あばれる	【暴れる】	(动  2  自)	酒醉乱闹，撒野	5
26	あびる	【浴びる】	(动  2  他)	浇，淋，晒，蒙受	5
27	あぶら	【油】	(名)	油	4
28	あまい	【甘い】	(形  1)	甜；姑息；天真；肤浅	5
29	あまやかす	【甘やかす】	(动  1  他)	娇惯，纵容，放纵	5
30	あまる	【余る】	(动  1  自)	残余，多余，超过	4
31	あやまる	【誤る】	(动  1  自他)	错，弄错	4
32	あやまる	【謝る】	(动  1  他)	谢罪，道歉，认错	4
33	あらすじ		(名)	概略，梗概，概要	5
34	あらそう	【争う】	(动  1  自他)	争，争先；竞争，斗争	5
35	あらためる	【改める】	(动  2  他)	争改，改变，改正	5
36	あらわす	【表・現す】	(动  1  他)	表现；表示；表达	4
37	あらわれる	【表・現れる】	(动  2  自)	表现，显出，出现	5
38	ありがたい	【有り難い】	(形  1)	难得的，值得感谢的	5
39	あるいは		(接)	或，或者	4
40	アルコール	【alcohol】	(名)	乙醇，酒精	5
41	アルバイト	【德Arbeit】	(名･动  3  自)	打工，工读	5
42	あわせる	【合･併わせる】	(动  2  他)	配合，对准，合并	4
43	あわただしい	【慌ただしい】	(形  1)	慌忙的，不安定的	4
44	あわてる	【慌てる】	(动  2  自)	惊慌，着慌，慌忙	5
45	あんがい	【案外】	(副･形  2)	出乎意外	5
46	あんき	【暗記】	(名･动３他)	背诵，熟记	5
47	アンケート	【法enquête】	(名･动３他)	问卷调查	5
48	あんしん	【安心】	(名･动  3  自)	放心	4
49	あんぜん	【安全】	(名･形  2)	安全，平安	4
50	あんない	【案内】	(名･动３他)	引导，通知；介绍	4
51	い	【胃】	(名)	胃	5
52	いいかえる	【言い換える】	(动  2  他)	换句话说，换言之	5
53	いいかげん	【好い加減】	(形  2)	适当，敷衍	5
54	いいわたす	【言い渡す】	(动  1  他)	命令，吩咐；宣告，宣判	5
55	いかす	【生かす】	(动  1  他)	留活命；放生；有效利用	4
56	いき	【息】	(名)	呼吸，气息	5
57	いきいき	【生き生き】	(副･动  3  自)	生动，鲜活，生气勃勃	4
58	いきおい	【勢い】	(名)	气势，势头，劲头	4
59	いきなり		(副)	突然，一下子，冷不防	4
60	いきる	【生きる】	(动  2  自)	生存，生活	4
61	いけばな	【生け花】	(名)	(花道)插花	5
62	いけん	【意見】	(名)	意见	4
63	いご	【以後】	(名)	以后，之后	4
64	いさん	【遺産】	(名)	遗产	5
65	いし	【意志】	(名)	意志，意愿	5
66	いしき	【意識】	(名)	意识，知觉，神志	5
67	いしょくじゅう	【衣食住】	(名)	衣食住，吃穿住	5
68	いせき	【遺跡】	(名)	遗迹，遗址，古迹	5
69	いぜん	【以前】	(名)	以前，从前	4
70	いそぐ	【急ぐ】	(动  1  自)	快，急，加快，赶紧	4
71	いぞん	【依存】	(名･动  3  自)	依存，依赖	4
72	いた	【板】	(名)	板，木板	5
73	いたす		(动  1  他)	(自谦)  做	
74	いただく	【頂く】	(动  1  他)	(自谦)  承蒙，领受；吃，喝	4
75	いだく	【抱く】	(动  1  他)	抱，怀抱，怀有	4
76	いたずら		(名･动  3  自)	淘气，恶作剧，使坏	4
77	いち	【位置】	(名)	位置	4
78	いちにんまえ	【一人前】	(名)	够格的人，能独立胜任	5
79	いっき	【一気】	(名)	一口气	5
80	いっしょうけんめい	【一生懸命】	(副)	拼命，努力	4
81	いっそう	【一層】	(副)	越发，更加	4
82	いったい	【一体】	(名･副)	一体，整体；究竟，到底	4
83	いっぱんてき	【一般的】	(形  2)	一般的，普遍的	4
84	いっぽう	【一方】	(名･接续)	一方面…另一方面	4
85	いつまでも		(副)	无论到何时，永久地	5
86	いどう	【移動】	(名･动  3  自)	移动，转移	4
87	いどう	【異同】	(名)	异同，差异	4
88	いとこ		(名)	堂表兄弟姐妹	4
89	いぬ	【犬】	(名)	狗，犬	5
90	いね	【稲】	(名)	稻子	4
91	いのち	【命】	(名)	生命，性命；寿命	4
92	いのる	【祈る】	(动  1  他)	祝愿，祈祷	4
93	いぶんか	【異文化】	(名)	异文化，跨文化	5
94	イベント	【event】	(名)	活动，集会	4
95	いまさら	【今更】	(副)	事到如今，现在才…	5
96	いましめる	【戒める】	(动  2  他)	劝戒，规劝；警戒	4
97	イメージ	【image】	(名･动  3  他)	形象，意象，表象；映像	5
98	いやす	【癒す】	(动  1  他)	医治，治愈；藉慰	4
99	いらいら		(副･名)	着急，焦躁	4
100	イラスト	【illustration】	(名)	插图	4
101	いらっしゃる		(动  1  自)	（尊他）在，去，来	4
102	いる	【要る】	(动  1  自)	要，需要，必要	5
103	いれかえる	【入れ替える】	(动  2  他)	更换，调换，变换	5
104	いろどる	【彩る】	(动  1  他)	上色，着色，配色，装饰	4
105	いわ	【岩】	(名)	岩石	5
106	いわう	【祝う】	(动  1  他)	庆贺，祝福，祝愿	4
107	いんしょう	【印象】	(名)	印象	4
108	インターネット	【internet】	(名)	互联网，因特网	5
109	ウェイター	【waiter】	(名)	男服务员，男招待	5
110	ウェイトレス	【waitress】	(名)	女服务员，女招待	5
111	ウェブコンテンツ	【web  contents】	(名)	网页内容	4
112	うえる	【飢える】	(动  2  自)	饥饿；渴望	5
113	ウォーミングアップ	【warming  up】	(名)	热身，准备活动	4
114	うかがう	【伺う】	(动  1  自他)	拜访，请教，听说	5
115	うかぶ	【浮ぶ】	(动  1  自)	漂浮，浮现，出现	4
116	うかべる	【浮べる】	(动  2  他)	漂浮，浮现；想起	4
117	うけあう	【請け合う】	(动  1  他)	承诺，担保；保证	5
118	うけいれる	【受け入れる】	(动  2  他)	接受，接纳	4
119	うけつぐ	【受け継ぐ】	(动  1  他)	继承，承继	5
120	うごかす	【動かす】	(动  1  他)	驱动，开动，挪动	4
121	うごく	【動く】	(动  1  自)	动，启动，摇动	4
122	うしなう	【失う】	(动  1  他)	失去，丧失	5
123	うすぎり	【薄切り】	(名)	（切）薄片	4
124	うそ	【嘘】	(名)	谎言，假话	4
125	うたがう	【疑う】	(动  1  他)	怀疑，不相信；猜疑	5
126	うちこむ	【打ち込む】	(动  1  自)	热衷于，全神贯注	4
127	うっかり		(副･动  3  自)	不留神；漫不经心；贸然	4
128	うつす	【写す】	(动  1  他)	抄，誊，拍照	5
129	うつす	【移す】	(动  1  他)	搬动，移动	5
130	うつりかわる	【移り変わる】	(动  1  自)	变迁，变化	5
131	うつる	【移る】	(动  1  自)	移，移动	4
132	うで	【腕】	(名)	胳膊；本领	4
133	うでぐみ	【腕組み】	(名･动  3  自)	抱着胳膊	4
134	うなぎ	【鰻】	(名)	鳗鱼，鳗鲡	5
135	うま	【馬】	(名)	马	4
136	うまい		(形  1)	可口，高明	4
137	うまれかわる	【生まれ変わる】	(动  1  自)	再生，转生，新生	5
138	うむ	【生む】	(动  1  他)	生，产生	5
139	うらやましい	【羨ましい】	(形  1)	羡慕	4
140	うりば	【売場】	(名)	出售处，售品处，柜台	5
141	うわさ	【噂】	(名･动  3  他)	谈论，传言，风声	5
142	うわまわる	【上回る】	(动  1  自)	超过，超出	4
143	うん	【運】	(名)	运气，命运	5
144	うんてん	【運転】	(名･动３他)	驾驶，开车	5
145	エアコン	【air  conditioner】	(名)	空调	5
146	えいきょう	【影響】	(名･动  3  自)	影响	4
147	えいぞう	【映像】	(名)	映像，影像	5
148	えいよう	【栄養】	(名)	营养	4
149	えがお	【笑顔】	(名)	笑颜，笑脸	4
150	えがく	【描く】	(动  1  他)	画，绘，描绘	5
151	えさ	【餌】	(名)	饵料；诱饵	5
152	えだ	【枝】	(名)	树枝	5
153	エネルギー	【engrgie】	(名)	能源，能量，精力	5
154	えび	【蝦】	(名)	虾	4
155	エピソード	【episode】	(动  1  自)	插曲，小故事，轶事	5
156	エラー	【error】	(名)	错误，失败	5
157	えらい	【偉い】	(形  1)	了不起的，地位高的	4
158	えらびなおす	【選び直す】	(动  1  他)	重新选择，再次选择	5
159	える	【得る】	(动  2  他)	得到，获得，博得	4
160	エレベーター	【elevator】	(名)	电梯，升降机	4
161	えんぎ	【縁起】	(名)	凶吉的兆头	4
162	えんじょ	【援助】	(名･动  3  他)	援助，帮助	4
163	えんじる	【演じる】	(动  2  他)	演，扮演；作出，造成	5
164	エンジン	【engine】	(名)	发动机，引擎	4
165	えんりょ	【遠慮】	(名･动  3  自他)	远虑，客气；谦辞，回避	4
166	おい	【甥】	(名)	侄子，外甥	4
167	おいかける	【追いかける】	(动  2  他)	追赶，紧接着，紧跟着	5
168	おう	【追う】	(动  1  他)	追，赶，追求	5
169	おうえん	【応援】	(名･动  3  他)	声援，援助	5
170	おうふく	【往復】	(名･动３自)	往返，往复，来回	5
171	おおいに	【大いに】	(副)	大大地，很；甚，颇	5
172	おおげさ		(形  2)	夸大，夸张；小题大做	5
173	おおざっぱ		(形  2)	草率；粗略；粗心大意	5
174	おおさわぎ	【大騒ぎ】	(名)	大骚乱，大乱	5
175	オーストラリア	【Australia】	(名)	澳大利亚	4
176	おおぜい	【大勢】	(名)	大批人，众多人	5
177	おおて	【大手】	(名)	大企业，大公司	5
178	おおみそか	【大晦日】	(名)	除夕，大年三十	4
179	おかしい	【可笑しい】	(形  1)	可笑，奇怪	4
180	おきわすれる	【置き忘れる】	(动  2  他)	忘记带回，忘记放在哪儿	5
181	おく	【奥】	(名)	里面，内部，深处	5
182	おくがい	【屋外】	(名)	屋外，室外，户外	4
183	おくさん	【奥さん】	(名)	夫人	4
184	おくびょう	【臆病】	(名･形  2)	胆怯，胆小，怯懦	5
185	おくりもの	【贈り物】	(名)	礼物，礼品	4
186	おくる	【送・贈る】	(动  1  他)	寄送，送行，度过，赠送	4
187	おこす	【起こす】	(动  1  他)	唤起，叫醒；发动，引发	5
188	おこなう	【行う】	(动  1  他)	实行，进行，举行	4
189	おこる	【起こる】	(动  1  自)	发生，引起，产生，萌发	4
190	おさえる	【押・抑える】	(动  2  他)	抑制，控制；限制，压制	4
191	おさななじみ	【幼馴染】	(名)	幼时情谊，亦指其人	4
192	おさめる	【収・納める】	(动  2  他)	纳入，收录进；交纳	5
193	おじ	【伯父・叔父】	(名)	伯伯，叔叔，舅舅	4
194	おしい	【惜しい】	(形  1)	可惜，吝惜，舍不得	5
195	おしゃれ	【お洒落】	(名･形  2)	好打扮，爱时髦	5
196	おじぎ	【お辞儀】	(名･动  3  自)	鞠躬，行礼	5
197	おす	【押す】	(动  1  他)	推，押，按	4
198	おせちりょうり	【御節料理】	(名)	新年菜肴	4
199	おせん	【汚染】	(名)	污染	4
200	おそれる	【怖れる】	(动  2  自)	害怕，恐怕，担心	4
201	おそろしい	【恐ろしい】	(形  1)	恐怖；可怕；惊人	4
202	おたがい	【お互い】	(名･副)	彼此，互相	4
203	おだやか	【穏やか】	(形  2)	温和，平稳，平静	5
204	おちこむ	【落ち込む】	(动  1  自)	坠入，陷入，消沉	4
205	おちつく	【落ち着く】	(动  1  自)	沉着，镇定，平静	5
206	おちる	【落ちる】	(动  2  自)	落下；掉落，落榜；堕落	5
207	おっと	【夫】	(名)	丈夫	4
208	おとしあな	【落とし穴】	(名)	陷阱；阴谋；诡计；圈套	5
209	おとす	【落とす】	(动  1  他)	使…落下，丢失；去掉	5
210	おとずれる	【訪れる】	(动  2  自他)	到来，来临；访问	5
211	おとなしい	【大人しい】	(形  1)	老实，温顺	5
212	おとる	【劣る】	(动  1  自)	劣；次，不及，比不上	5
213	おどろく	【驚く】	(动  1  自)	惊讶，吃惊，惊叹	5
214	おば	【伯母・叔母】	(名)	伯母，婶婶，舅母	4
215	おぼん	【お盆】	(名)	盂兰盆节	4
216	おまつり	【御祭り】	(名)	祭祀，庙会；祭日，仪式	4
217	おみくじ	【御神籤】	(名)	神签	5
218	おもいうかぶ	【思い浮かぶ】	(动  1  自)	想起，浮现在心头	5
219	おもいがけない	【思い掛けない】	(形  1)	意想不到，出乎意料	5
220	おもいきって	【思い切って】	(副)	坚决，下决心，断然	4
221	おもいきり	【思い切り】	(名･副)	断念；尽情地，痛快地	5
222	おもいだす	【思い出す】	(动  1  他)	想起	4
223	おもいで	【思い出】	(名)	回忆，回想，追忆，追怀	4
224	おもいやり	【思いやり】	(名)	体谅，体贴，同情	5
225	おもちゃ		(名)	玩具	5
226	おもて	【表】	(名)	表面，外表，正面	5
227	おもな	【主な】	(连体)	主要的	5
228	おやこうこう	【親孝行】	(名)	孝顺父母	4
229	およそ		(名･副)	大概、大致	5
230	および	【及び】	(接)	及，以及	4
231	およぶ	【及ぶ】	(动  1  自)	达到，波及，需要做	5
232	およぼす	【及ぼす】	(动  1  他)	波及，影响到	4
233	おりる	【下･降りる】	(动  2  自)	下来；卸下	5
234	おる	【折る】	(动  1  他)	折（断），弯曲	5
235	おれ	【俺】	(名)	俺，咱，我	5
236	おれる	【折れる】	(动  2  自)	折，断	5
237	おろす	【下ろす】	(动  1  他)	卸下；提取（存款等）	5
238	おわり	【終わり】	(名)	结束，终了	5
239	おんせん	【温泉】	(名)	温泉	4
240	おんど	【温度】	(名)	温度	4
241	カーテン	【curtain】	(名)	窗帘	4
242	カード	【card】	(名)	卡，卡片，纸牌	4
243	ガーデン	【garden】	(名)	花园；庭园	4
244	がい	【害】	(名)	害处，危害	5
245	かいがい	【海外】	(名)	海外，外国	4
246	かいがん	【海岸】	(名)	海岸	5
247	かいご	【介護】	(名･动  3  他)	看护，护理	5
248	がいこう	【外交】	(名)	外交	5
249	かいさい	【開催】	(名･动  3  他)	召开，举办	4
250	かいしゅう	【回収】	(名･动  3  他)	回收	4
251	かいしょう	【解消】	(名･动  3  他)	解除，消除，取消，解决	4
252	がいする	【害する】	(动  3  他)	伤害，杀害，妨碍	5
253	ガイドブック	【guidebook】	(名)	旅行指南，旅行手册	5
254	かいはつ	【開発】	(名･动  3  他)	开发	4
255	かいひ	【会費】	(名)	会费	5
256	かいろ	【回路】	(名)	电路，回路	5
257	かう	【飼う】	(动  1  他)	养，饲养	4
258	カウントダウン	【countdown】	(名)	倒计数	4
259	かえす	【返す】	(动  1  他)	还给(人)，归还，退掉	5
260	かえる	【替える】	(动  2  他)	换，更换	4
261	かかえこむ	【抱え込む】	(动  1  他)	包揽，承担，搂抱	5
262	かかえる	【抱える】	(动  2  他)	抱，夹，承担，负担	5
263	かかせない	【欠かせない】	(形)	不可或缺的	4
264	かかり	【係】	(名)	担当者，具体负责人	4
265	かかる		(动  1  自)	患病	4
266	かかわる	【係・関わる】	(动  1  自)	关系到，牵扯	5
267	かきとり	【書き取り】	(名)	听写，默写，记录	4
268	かぎる	【限る】	(动  1  自)	限定，限于	4
269	かく	【欠く】	(动  1  他)	缺少；弄坏	5
270	かく	【掻く】	(动  1  他)	搔，挠；拨，推；搅和	5
271	かぐ	【嗅ぐ】	(动  1  他)	嗅；闻；打探	5
272	かくかぞく	【核家族】	(名)	核家庭	5
273	かくご	【覚悟】	(名･动  3  自他)	决心，精神准备	4
274	かくじつ	【確実】	(形  2)	确实，坚实，真实	5
275	かくす	【隠す】	(动  1  他)	掩盖，隐藏	5
276	がくもん	【学問】	(名)	学问，学术	4
277	がくりょく	【学力】	(名)	学力，学习实力	4
278	かくれる	【隠れる】	(动  2  自)	躲藏，隐藏	5
279	かげ	【影】	（名）	影，影子	5
280	かけこむ	【駆け込む】	(动  1  自)	跑进，跑入	5
281	かけつける	【駆け付ける】	(动  2  自)	迅速赶到	5
282	かける	【掛ける】	(动  2  他)	带来，施加	4
283	かげん	【加減】	(名)	程度；状态，情况	5
284	かこむ	【囲む】	(动  1  他)	围上；包围，围绕	5
285	かさなる	【重なる】	(动  1  自)	重叠，重复；赶在一起	5
286	かさねる	【重ねる】	(动  2  他)	叠加，反复；追加	4
287	かざりつける	【飾りつける】	(动  2  他)	装饰，修饰，打扮	5
288	かざる	【飾る】	(动  1  他)	装饰	4
289	かじ	【火事】	(名)	火灾	5
290	かじ	【家事】	(名)	家务事	5
291	かしこい	【賢い】	(形  1)	聪明	5
292	カジュアル	【casual】	(形  2)	轻便的，舒适的，休闲的	5
293	かしらもじ	【頭文字】	(名)	首字母	5
294	ガス	【荷gas】	(名)	煤气，气体	4
295	かそう	【仮装】	(名)	化装	4
296	かた	【肩】	(名)	肩，肩膀	4
297	かたくるしい	【堅苦しい】	(形  1)	死板；没有通融余地	5
298	かたづける	【片づける】	(动  2  他)	收拾，解决	4
299	かたほう	【片方】	(名)	(两方中的)一方，一个	5
300	かたみち	【片道】	(名)	单程	5
301	かたむく	【傾く】	(动  1  自)	倾斜，倾向于	5
302	かたよる	【偏る】	(动  1  自)	不均衡，偏颇	4
303	かち	【価値】	(名)	价值	4
304	かちかん	【価値観】	(名)	价值观	4
305	かちとる	【勝ち取る】	(动  1  他)	赢得，夺取	4
306	がっかり		(副･动  3  自)	失望	4
307	かつじ	【活字】	(名)	活字，铅字	4
308	かって	【勝手】	(名･形  2)	任性；随意，随便	4
309	かっと		(副･动  3  自)	勃然大怒	5
310	かつどう	【活動】	(名･动  3  自)	活动	4
311	かつよう	【活用】	(名･动  3  他)	利用，运用，应用	5
312	かど	【角】	(名)	角，拐角	4
313	かなう	【叶う】	(动  1  自)	实现（愿望），达到（目的）	5
314	かならず	【必ず】	(副)	必定，一定	4
315	かなり		(副)	相当，颇	4
316	かねもち	【金持ち】	(名)	有钱人	4
317	かのう	【可能】	(名･形  2)	可能	4
318	かはんすう	【過半数】	(名)	过半数，半数以上	4
319	かぶき	【歌舞伎】	(名)	歌舞伎	5
320	かぶる	【被る】	(动  1  自他)	戴，盖，蒙受，曝光	5
321	がまん	【我慢】	(名･动３他)	忍耐，忍受	5
322	がまんづよい	【我慢強い】	(形  1)	忍耐力强，有耐性	4
323	かみ	【神】	(名)	神，神仙，上帝	4
324	かみさま	【神様】	(名)	神，上帝	5
325	かみなり	【雷】	(名)	雷，雷鸣	5
326	かむ	【噛む】	(动  1  他)	咬，嚼	4
327	かめん	【仮面】	(名)	面具；假脸	5
328	かもく	【科目】	(名)	学科，科目	4
329	かゆい	【痒い】	(形  1)	痒	5
330	かよう	【通う】	(动  1  自)	往返学校，上下班	4
331	から	【空】	(名)	空	4
332	からっぽ	【空っぽ】	(名･形  2)	空，空虚的	5
333	カリキュラム	【curriculum】	(名)	全部课程的教学计划	5
334	かれる	【枯れる】	(动  2  自)	枯萎	4
335	カレンダー	【calendar】	(名)	日历	4
336	かわいそう		(形  2)	可怜	4
337	かわかす	【乾かす】	(动  1  他)	晒干，晾干	5
338	かわく	【乾く】	(动  1  自)	干，干燥	5
339	かわり	【代わり】	(名)	代替，替代，补偿	5
340	かわる	【変わる】	(动  1  自)	变化；不同寻常，奇特	4
341	かんがえなおす	【考え直す】	(动  1  他)	重新考虑，重新思考	5
342	かんかく	【感覚】	(名･动３他)	感觉，感受	4
343	かんきょうおせん	【環境汚染】	(名)	环境污染	4
344	かんけい	【関係】	(名･动  3  自)	关系，与…有关	4
345	かんさつ	【観察】	(名･动  3  他)	观察	5
346	かんじ	【感じ】	(名)	感觉，印象	4
347	かんしゃ	【感謝】	(名･动  3  自他)	感谢	4
348	かんじょう	【勘定】	(名･动  3  他)	结账，算账	5
349	かんじょう	【感情】	(名)	感情	4
350	かんしん	【感心】	(名･动  3  自)	钦佩，佩服，赞赏	4
351	かんしん	【関心】	(名)	关心，关怀	4
352	かんせい	【完成】	(名･动  3  自他)	完成，落成	5
353	かんせつ	【間接】	(名)	间接	5
354	かんぜん	【完全】	(形  2)	完全，完善	5
355	かんそう	【感想】	(名)	感想	4
356	かんたん	【簡単】	(形  2)	简单，容易	
357	かんでんち	【乾電池】	(名)	干电池	4
358	かんばん	【看板】	(名)	招牌	5
359	かんぺき	【完璧】	(名･形  2)	完美，十全十美	5
360	かんめい	【感銘】	(名･动３自)	感人，铭刻在心	4
361	かんれん	【関連】	(名･动  3  自)	关联，关系，联系	4
362	キーワード	【key  word】	(名)	关键词，关键字	4
363	きいろ	【黄色】	(名)	黄色	5
364	きえる	【消える】	(动  2  自)	熄灭，消失，融化	5
365	きおく	【記憶】	(名･动３他)	记忆，记性	5
366	きかい	【機械】	(名)	机器，机械	4
367	きかい	【機会】	(名)	机会	4
368	きがる	【気軽】	(形  2)	轻松愉快，爽快	4
369	きけん	【危険】	(名・形  2)	危险	4
370	きげん	【機嫌】	(名・形  2)	心情，愉快	5
371	きこう	【気候】	(名)	气候	4
372	きざみこむ	【刻み込む】	(动  1  他)	刻上，铭刻	5
373	きし	【岸】	(名)	岸	5
374	ぎしき	【儀式】	(名)	仪式	4
375	ぎじゅつ	【技術】	(名)	技术	4
376	きずぐち	【傷口】	(名)	伤口，伤疤，裂痕	5
377	きせい	【帰省】	(名･动  3  自)	探亲，回家乡看望父母	4
378	ぎせいしゃ	【犠牲者】	(名)	牺牲者	4
379	きせる	【着せる】	(动  2  他)	给…穿上	5
380	きそ	【基礎】	(名)	基础，根基	4
381	きそく	【規則】	(名)	规则，规范，秩序	4
382	きたい	【期待】	(名･动３自他)	期待，期望，希望	5
383	きたえる	【鍛える】	(动  2  他)	锻炼	5
384	きちょうめん	【几帳面】	(名･形  2)	规规矩矩，一丝不苟	5
385	きちんと		(副)	整洁地，恰当，好好地	5
386	きっかけ	【切っ掛け】	(名)	契机，动机，诱因	4
387	きっかり		(副)	正，整；恰，正好，恰好	5
388	きづく	【気づく】	(动  1  自)	注意到，觉察到，意识到	5
389	きてい	【規定】	(名･动  3  他)	规定，规章	4
390	きっさてん	【喫茶店】	(名)	咖啡馆，茶室	4
391	きにゅう	【記入】	(名･动  3  他)	记入，填写	4
392	きねん	【記念】	(名･动  3  他)	纪念	4
393	きのう	【機能】	(名･动  3  自)	功能，机能，作用	5
394	きのどく	【気の毒】	(形  2)	可怜，可惜	5
395	きびしい	【厳しい】	(形  1)	严，严格，严厉；严峻	5
396	きふ	【寄付】	(名･动３他)	捐助，捐赠	5
397	きぶん	【気分】	(名)	心情；情绪；心绪；心境	5
398	きぼう	【希望】	(名･动３他)	希望	5
399	きまじめ	【生真面目】	(形  2)	一本正经，刻板认真	5
400	きむ	【義務】	(名)	义务	5
401	きもの	【着物】	(名)	衣服，衣着；(日式)和服	5
402	ぎもん	【疑問】	(名)	疑问	4
403	ぎゃくせつ	【逆説】	(名)	反论，悖论	5
404	キャプテン	【captain】	(名)	首领；船长；队长	5
405	キャンパス	【campus】	(名)	大学校园(校区)	4
406	キャンペーン	【campaign】	(名)	宣传活动	4
407	きゅう	【急】	(名･形  2)	急，紧急，突然，忽然	5
408	きゅうか	【休暇】	(名)	休假	4
409	きゅうじつ	【休日】	(名)	休息日，假日	4
410	ぎゅうにゅう	【牛乳】	(名)	牛奶	4
411	きゅうよう	【休養】	(名･动  3  自)	休养	4
412	きゅうりょう	【給料】	(名)	工资，薪金，薪水	5
413	きよう	【器用】	(名･形  2)	手巧；巧妙，精明	5
414	きょういく	【教育】	(名･动  3  他)	教育	4
415	ぎょうかい	【業界】	(名)	业界，同业界	5
416	きょうかしょ	【教科書】	(名)	教材，教科书	4
417	きょうかん	【共感】	(名･动  3  自)	同感，共鸣	4
418	きょうげき	【京劇】	(名)	京剧	5
419	ぎょうじ	【行事】	(名)	既定的仪式或活动	4
420	きょうそう	【競争】	(名･动  3  自)	竞争	5
421	きょうつう	【共通】	(名･动  3  自)	共通，共同	4
422	きょうみ	【興味】	(名)	兴趣，兴味	5
423	きょうよう	【教養】	(名)	教养，修养	5
424	きょうりょく	【協力】	(名･动  3  自)	协力，合作，协助	4
425	ぎょうれつ	【行列】	(名･动  3  自)	行列，队伍，列队	4
426	ギョーザ	【餃子】	(名)	饺子	4
427	きよめる	【清める】	(动  2  他)	洗净，弄干净，去除污垢	5
428	きよらか	【清らか】	(形  2)	清，洁净；清白；清爽	5
429	きょり	【距離】	(名)	距离	5
430	きらう	【嫌う】	(动  1  他)	厌恶，讨厌	5
431	きらり（と）		(副)	一闪，一晃	5
432	きり	【霧】	(名)	雾	4
433	きりかえる	【切り替える】	(动  2  他)	转换，更换，改换	5
434	きる	【切る】	(动  1  他)	切，斩，剁；断绝	4
435	きれる	【切れる】	(动  2  自)	断开；到期；(刀)快	5
436	きろく	【記録】	(名･动  3  他)	记录，记载	4
437	きん	【金】	(名)	金	5
438	ぎん	【銀】	(名)	银	5
439	きんがく	【金額】	(名)	金额，金钱的数额	4
440	ぎんこう	【銀行】	(名)	银行	4
441	きんし	【禁止】	(名･动  3  他)	禁止	5
442	きんじょ	【近所】	(名)	近邻，近处	5
443	きんじる	【禁じる】	(动  2  他)	禁止；忌，戒(除)；控制	5
444	きんせん	【金銭】	(名)	金钱	4
445	きんぞく	【金属】	(名)	金属	4
446	きんちょう	【緊張】	(名･动３自)	紧张	5
447	ぐあい	【具合】	(名)	(身体)情况；方便，合适	4
448	くいとめる	【食い止める】	(动  2  他)	阻止，挡住，控制住	5
449	くさい	【臭い】	(形  1)	难闻	5
450	くさる	【腐る】	(动  1  自)	腐烂	5
451	くし	【串】	(名)	扦子；串	5
452	くず	【屑】	(名)	屑，渣滓，糟粕	5
453	くずれる	【崩れる】	(动  2  自)	坍塌，溃败	5
454	くせ	【癖】	(名)	癖性;坏习惯；特征，特点	5
455	くださる	【下さる】	(动  1  他)	(尊他)送，给	4
456	ぐち	【愚痴】	(名)	抱怨，牢骚	5
457	くちびる	【唇】	(名)	唇，嘴唇	4
458	くちょう	【口調】	(名)	语调，声调；腔调	5
459	くつがえす	【覆す】	(动  1  他)	打翻，推翻	5
460	くつろぐ	【寛ぐ】	(动  1  自)	轻松地休息，舒畅，惬意	5
461	くばる	【配る】	(动  1  他)	分配，分发；分派，注意	5
462	くふう	【工夫】	(名･动  3  他)	想方设法，找窍门	5
463	くべつ	【区別】	(名･动  3  他)	区别	5
464	くみあわす	【組み合わす】	(动  1  他)	编排，组合起来	4
465	くも	【蜘蛛】	(名)	蜘蛛	5
466	くやしい	【悔しい】	(形  1)	令人懊悔；遗憾	4
467	くやむ	【悔やむ】	(动  1  他)	懊悔，后悔；吊唁，哀悼	5
468	くよくよ		(副･动  3  自他)	担心，烦恼，闷闷不乐	5
469	くらす	【暮らす】	(动  1  自)	生活，度日，过日子	5
470	グラフ	【graph】	(名)	图表，图解	4
471	クラブかつどう	【クラブ活動】	(名)	社团活动	4
472	くらべる	【比べる】	(动  2  他)	比，比较，对比	5
473	くりかえす	【繰り返す】	(动  1  他)	反复，重复	4
474	くるう	【狂う】	(动  1  自)	发疯；失常；沉溺，迷于	5
475	くるしむ	【苦しむ】	(动  1  自)	感到痛苦，苦于	4
476	くるまいす	【車椅子】	(名)	轮椅	5
477	グルメ	【gourmet】	(名)	美食家，吃家	5
478	くれる	【暮れる】	(动  2  自)	日暮，天黑	5
479	グローバルか	【global  化】	(名･动  3  自)	全球化	4
480	くろう	【苦労】	(名･动  3  自)	辛苦，吃苦	4
481	くわえる	【加える】	(动  2  他)	加上，添加；追加	5
482	くわしい	【詳しい】	(形  1)	详细	4
483	くんれん	【訓練】	(名･动  3  他)	训练	4
484	ケア	【care】	(名･动  3  他)	照顾，照料	4
485	けいえい	【経営】	(名･动  3  他)	经营	5
486	けいき	【景気】	(名)	景气，市面，商情	5
487	けいこ	【稽古】	(名･动  3  他)	(技能)练习，练功；学习	5
488	けいこう	【傾向】	(名)	倾向	5
489	けいこく	【警告】	(名･动  3  他)	警告	5
490	けいさつ	【警察】	(名)	警察	4
491	けいさん	【計算】	(名･动  3  他)	计算，运算	4
492	けいしき	【形式】	(名)	形式	5
493	げいじゅつ	【芸術】	(名)	艺术	4
494	ケーキ	【cake】	(名)	蛋糕，西式糕点	5
495	ケース	【case】	(名)	柜；盒(子)；实例，事例	5
496	けが	【怪我】	(名)	受伤，负伤	5
497	げき	【劇】	(名)	戏剧	5
498	けずる	【削る】	(动  1  他)	削，削减	5
499	けっか	【結果】	(名)	结果	4
500	けっきょく	【結局】	(名)	结果，最后，到底	4
501	けっこう	【結構】	(形  2)	很好；足够；不必	4
502	けっこん	【結婚】	(名･动３自)	结婚	5
503	けつじょ	【欠如】	(名･动３自)	缺少，缺乏	5
504	けっしん	【決心】	(名･动３他)	决心	4
505	けつだん	【決断】	(名･动  3  他)	决断，当机立断	5
506	けってい	【決定】	(名･动３自他)	决定	4
507	けってん	【欠点】	(名)	缺点，缺陷，毛病	4
508	けなす	【貶す】	(动  1  他)	贬低；贬斥	5
509	けはい	【気配】	(名)	情形，动静，迹象	5
510	けむり	【煙】	(名)	烟，烟雾	5
511	ける	【蹴る】	(动  1  他)	踢，踹；冲破；驳回	5
512	げんいん	【原因】	(名)	原因	4
513	けんがく	【見学】	(名･动  3  他)	参观学习	4
514	けんきゅう	【研究】	(名)	研究	4
515	けんけつ	【献血】	(名･动  3  自)	献血	4
516	けんこう	【健康】	(名･形  2)	健康	4
517	げんじつ	【現実】	(名)	现实，真实	4
518	げんち	【現地】	(名)	当地，现场	4
519	けんちく	【建築】	(名･动  3  他)	建筑	4
520	けんていしけん	【検定試験】	(名)	检定考试，甄别考试	5
521	げんていひん	【限定品】	(名)	限定商品	4
522	げんに	【現に】	(副)	实际上，真实地	5
523	けんめい	【賢明】	(名･形  2)	贤明，英明，高明	5
524	けんり	【権利】	(名)	权利	4
525	げんりょう	【原料】	(名)	原料	5
526	コイン	【coin】	(名)	硬币	4
527	こうい	【行為】	(名)	行为，行动，举动	4
528	こうか	【効果】	(名)	效果	5
529	こうかい	【後悔】	(名･动  3  他)	后悔	4
530	こうがい	【郊外】	(名)	郊外	4
531	こうぎょう	【工業】	(名)	工业	4
532	ごうけい	【合計】	(名･动  3  他)	合计，总计	5
533	こうけん	【貢献】	(名･动３自)	贡献	5
534	こうこう	【高校】	(名)	高中	4
535	こうこく	【広告】	(名)	广告	4
536	こうさてん	【交差点】	(名)	十字路口	4
537	こうじ	【工事】	(名･动３自)	工程，施工	5
538	こうじゅつしけん	【口述試験】	(名)	口试	5
539	こうじょう	【向上】	(名･动  3  自)	向上，进步，提高	4
540	こうせい	【構成】	(名･动  3  自他)	构成，结构	5
541	こうそく	【校則】	(名)	校规	4
542	こうつう	【交通】	(名)	交通	4
543	こうどう	【行動】	(名･动  3  自)	行动，行为	4
544	こうにゅう	【購入】	(名･动３他)	购入，买进（物品等）	4
545	こうばん	【交番】	(名)	派出所	4
546	こうふく	【幸福】	(名･形  2)	幸福	5
547	こうへい	【公平】	(名･形  2)	公平，公道	5
548	こうよう	【紅葉】	(名･动  3  自)	红叶，变成红叶	5
549	こうりつてき	【効率的】	(形  2)	有效率的	4
550	こうりゅう	【交流】	(名･动３自)	交流	4
551	こうれいしゃ	【高齢者】	(名)	高龄者	4
552	こえる	【超・越える】	(动  2  自)	超过，超越，胜过	4
553	コース	【course】	(名)	套餐	5
554	コーヒー	【coffee】	(名)	咖啡	4
555	こおる	【凍る】	(动  1  自)	结冰，结冻	5
556	ゴール	【goal】	(名･动  3  自)	(跑到)终点；达成目标	5
557	ゴールデンウィーク	【golden  week】	(名)	黄金周	5
558	ごかい	【誤解】	(名･动３他)	误解，误会	5
559	ごがく	【語学】	(名)	语言学，外语	5
560	こきゅう	【呼吸】	(名･动３自他)	呼吸	5
561	こくち	【告知】	(名･动３他)	告知，布告	5
562	こくもつ	【穀物】	(名)	谷物，粮食	5
563	こころいき	【心意気】	(名)	气魄，气概	5
564	こころがける	【心掛ける】	(动  2  他)	留心，上心，注意	4
565	こし	【腰】	(名)	腰	4
566	こしょう	【故障】	(名･动３自)	故障	5
567	コスト	【cost】	(名)	成本，代价，费用	5
568	コスプレ	【cosplay】	(名･动  3  他)	角色扮演	4
569	こせい	【個性】	(名)	个性	5
570	こそだて	【子育て】	(名･动３自)	养育子女，培育孩子	5
571	こだわる	【拘る】	(动  1  自)	拘泥；讲究，讲求	5
572	こつ		(名)	要领，窍门，秘诀	4
573	コック	【荷kok】	(名)	厨师	5
574	こっけい	【滑稽】	(名･形  2)	滑稽；可笑；诙谐；戏谑	5
575	こつこつ		(副)	孜孜不倦，勤勉	5
576	ことがら	【事柄】	(名)	事情；事态	5
577	ことなる	【異なる】	(动  1  自)	不同，不一样	5
578	ことばづかい	【言葉遣い】	(名)	说法，措词	5
579	ことわざ	【諺】	(名)	谚语	4
580	ことわる	【断る】	(动  1  他)	拒绝	4
581	こなす	【熟す】	(动  1  他)	弄碎，消化；运用自如	5
582	このあいだ	【この間】	(名)	最近，前几天	4
583	このごろ	【この頃】	(名)	近来，最近	4
584	このみ	【好み】	(名)	嗜好，爱好	5
585	このむ	【好む】	(动  1  他)	喜欢；爱好	5
586	こばむ	【拒む】	(动  1  他)	拒绝；阻拦	5
587	こぼす	【零・溢す】	(动  1  他)	发牢骚，溢出，流露	5
588	コマーシャル	【commercial】	(名)	(电视）广告	5
589	こまか	【細か】	(形  2)	细小；详细；周到	5
590	こまかい	【細かい】	(形  1)	细小，零碎	5
591	ごまかす		(动  1  他)	敷衍，搪塞，糊弄	5
592	こまる	【困る】	(动  1  自)	为难，困难	4
593	コミック	【comic】	(名)	喜剧，滑稽；漫画故事	4
594	ごみばこ	【ゴミ箱】	(名)	垃圾箱，废物箱	5
595	こむ	【込む】	(动  1  自)	人多，拥挤，拥堵	5
596	ゴム	【荷gom】	(名)	橡胶，橡皮	5
597	こむぎこ	【小麦粉】	(名)	小麦粉，面粉	4
598	こめる	【込める】	(动  2  他)	装入，填入；倾注	4
599	こもる	【籠る】	(动  1  自)	包含，充满，闭门不出	4
600	こらん	【ご覧】	(名)	(尊他)  看	4
601	これまで		(名･副)	到此为止	5
602	ころころ		(副･动  3  自)	滚动  (的样子)，滚转	5
603	ころす	【殺す】	(动  1  他)	杀死，宰；抑制，忍住	5
604	ころぶ	【転ぶ】	(动  1  自)	跌倒	5
605	こわす	【壊す】	(动  1  他)	弄坏，毁坏，损坏	5
606	こんき	【根気】	(名)	毅力，耐性	5
607	こんじょう	【根性】	(名)	脾气；性情，秉性，根性	5
608	コンサート	【concert】	(名)	音乐会，演奏会	4
609	コンタクトレンズ	【contact  lens】	(名)	隐形眼镜	5
610	こんだて	【献立】	(名)	食谱，菜单	5
611	コンビニ	【convenience  store】	(名)	便利店	4
612	コンピューター	【computer】	(名)	计算机，电脑	4
613	こんや	【今夜】	(名)	今夜	5
614	サークル	【circle】	(名)	兴趣小组	5
615	さいあく	【最悪】	(名･形  2)	最坏，最恶劣，最糟糕	5
616	さいがい	【災害】	(名)	灾害，灾难	5
617	さいきん	【最近】	(名)	最近	4
618	さいご	【最後】	(名)	最后	5
619	さいこう	【最高】	(名･形  2)	最高，最好，最佳	5
620	ざいさん	【財産】	(名)	财产	5
621	さいしょ	【最初】	(名)	最初，起初	4
622	さいせんたん	【最先端】	(名)	顶端，顶尖	5
623	さいちゅう	【最中】	(名)	最盛时期，正...中	4
624	さいてい	【最低】	(名･形  2)	最低；最差，最劣	5
625	さいてん	【祭典】	(名)	祭奠，典礼	4
626	サイト	【site】	(名)	地基，用地，地点，位置	4
627	さいのう	【才能】	(名)	才能	4
628	サイバーこうげき	【cyber  攻撃】	(名)	网络攻击，电脑攻击	5
629	さいばん	【裁判】	(名･动３他)	审判，裁断	5
630	ざいむ	【財務】	(名)	财务	5
631	ざいりょう	【材料】	(名)	材料	4
632	さえる	【冴える】	(动  2  自)	冷峭；清澈；清醒；清晰	5
633	さか	【坂】	(名)	坡，坡道	4
634	さかい	【境】	(名)	边界，分界	5
635	さがす	【探す】	(动  1  他)	寻找，搜寻	5
636	さがる	【下がる】	(动  1  自)	下降，后退	4
637	さかん	【盛ん】	(形  2)	热烈，盛大；繁荣，昌盛	4
638	さくげん	【削減】	(名･动３他)	削减	4
639	さくひん	【作品】	(名)	作品	5
640	さけ	【酒】	(名)	酒	4
641	さける	【避ける】	(动  2  他)	避开，回避，顾忌	4
642	さげる	【下げる】	(动  2  他)	降低，撤下	4
643	ささえる	【支える】	(动  2  他)	支持，支撑，维持	4
644	さしこむ	【差し込む】	(动  1  他)	插入，扎进；剧痛，绞痛	5
645	さしず	【指図】	(名･动  3  他)	指示，吩咐，命令	5
646	さす	【指す】	(动  1  他)	指，指示；指名，指定	5
647	さす	【刺す】	(动  1  他)	刺，串；蜇，咬，叮	5
648	さずける	【授ける】	(动  2  他)	授予，赐予，传授	4
649	さだめる	【定める】	(动  2  他)	决定，选定，规定	4
650	さつ	【札】	(名)	纸币，钞票	5
651	さっぱり		(副･动３自)	利落；直爽；清淡	5
652	ざつよう	【雑用】	(名)	杂事，琐事	5
653	さどう	【茶道】	(名)	茶道	5
654	さびしい	【寂しい】	(形  1)	寂寞，冷清	4
655	さほう	【作法】	(名)	礼节，礼法；规矩	5
656	サポート	【support】	(名･动  3  他)	支持，支援	4
657	さまざま	【様々】	(名･形  2)	各种各样，形形色色	4
658	さらに	【更に】	(副)	更，更加，更进一步	5
659	サラリーマン	【salaried  man】	(名)	工薪人员，薪俸生活者	5
660	さりげない		(形  1)	若无其事的，不露声色	5
661	ざわざわ		(副･动  3  自)	沙沙响，人声嘈杂	5
662	さわぐ	【騒ぐ】	(动  1  自)	吵闹，喧嚣	4
663	さわる	【触る】	(动  1  自)	触摸，接触，触及	5
664	さんぎょう	【産業】	(名)	产业	4
665	さんこう	【参考】	(名)	参考，借鉴	5
666	さんざん	【散々】	(副･形  2)	狼狈不堪，严重	5
667	ざんねん	【残念】	(形  2)	遗憾，可惜	4
668	さんぽ	【散歩】	(名･动  3  自)	散步	4
669	しあげる	【仕上げる】	(动  2  他)	做完，完成	5
670	しえん	【支援】	(名･动  3  他)	支援，帮助	4
671	しかく	【資格】	(名)	资格，必须的条件	4
672	じかく	【自覚】	(名･动  3  自他)	自知，意识，自觉	4
673	しかた	【仕方】	(名)	做法，办法	4
674	しかも		(接)	而，而且	5
675	しかる	【叱る】	(动  1  他)	批评，责备；训斥	4
676	じき	【時期】	(名)	时期	4
677	しく	【敷く】	(动  1  他)	铺，垫	5
678	しくみ	【仕組み】	(名)	策划；结构	5
679	しげき	【刺激】	(名･动  3  他)	刺激	4
680	しげる	【茂る】	(动  1  自)	茂盛	5
681	しげん	【資源】	(名)	资源	5
682	じけん	【事件】	(名)	事件，案件	5
683	じこ	【事故】	(名)	事故	5
684	じこかんり	【自己管理】	(名)	自我管理	4
685	じごく	【地獄】	(名)	地狱	4
686	じさん	【持参】	(名･动  3  他)	携带，带来（去）	4
687	しじ	【指示】	(名･动３他)	指示，吩咐	5
688	じじつ	【事実】	(名)	事实	5
689	ししゅつ	【支出】	(名･动３他)	支出	5
690	じじょう	【事情】	(名)	情况，事情	4
691	じしん	【自信】	(名)	自信，自信心	5
692	じしん	【地震】	(名)	地震	4
693	システム	【system】	(名)	系统，体系，组织	5
694	しずむ	【沈む】	(动  1  自)	沉没，降落，消沉，沉沦	5
695	しずめる	【静める】	(动  2  他)	使…平静、镇定	5
696	しせい	【姿勢】	(名)	姿势，姿态，态度	4
697	しせつ	【施設】	(名)	设施	4
698	しぜん	【自然】	(名)	自然，自然界	4
699	しそん	【子孫】	(名)	子孙	4
700	した	【舌】	(名)	舌，舌头	5
701	じだい	【時代】	(名)	时代	4
702	したがう	【従う】	(动  1  自)	遵从，按照，随着	4
703	したぎ	【下着】	(名)	内衣裤	5
704	したく	【支度】	(名･动  3  自)	准备	5
705	じたく	【自宅】	(名)	自宅，自己的住宅	4
706	したしい	【親しい】	(形  1)	亲密，亲近，亲昵	5
707	しつ	【質】	(名)	质量，品质	5
708	しっかり		(副)	牢固地，扎实地，很好地	5
709	しつけ	【躾】	(名)	教育，教养，训练，管教	5
710	じっけん	【実験】	(名･动  3  他)	实验，试验	4
711	しつこい		(形  1)	腻人；执拗，纠缠不休	5
712	じっこう	【実行】	(名･动  3  他)	实行	5
713	じっしゅう	【実習】	(名･动  3  他)	实习，见习	5
714	じっせん	【実践】	(名･动  3  他)	实行，实践	5
715	じっと		(副･动３自)	一动不动，凝神	5
716	じつは	【実は】	(副)	实际上，其实，老实说	4
717	しっぱい	【失敗】	(名･动  3  自)	失败，没有做好	4
718	しどう	【指導】	(名･动  3  他)	指导	5
719	じどう	【児童】	(名)	儿童	5
720	じどうしゃ	【自動車】	(名)	汽车	4
721	しにせ	【老舗】	(名)	老铺子，老店，老字号	5
722	しぬ	【死ぬ】	(动  1  自)	死	4
723	しはい	【支配】	(名･动３他)	支配，统治	5
724	しばい	【芝居】	(名)	戏，戏剧	5
725	しはらう	【支払う】	(动  3  他)	支付，付款，付钱	5
726	しばらく		(副)	一会儿；许久	4
727	しばる	【縛る】	(动  1  他)	绑，捆，约束，束缚	4
728	しまう		(动  1  他)	收起来；做完	5
729	しまる	【閉まる】	(动  1  自)	关闭	4
730	じまん	【自慢】	(名･动３他)	自夸，骄傲，得意	4
731	じみ	【地味】	(形  2)	朴素，质朴	4
732	しみじみ		(副)	铭刻在心；深切	5
733	じみち	【地道】	(名･形  2)	勤勤恳恳，踏实	5
734	じむ	【事務】	(名)	事务	4
735	しめす	【示す】	(动  1  他)	出示，表示	5
736	しめる	【占める】	(动  2  他)	占据，占有	4
737	しゃかい	【社会】	(名)	社会	4
738	ジャンケンポン		(名)	石头，剪刀，布	4
739	じゆう	【自由】	(名･形  2)	自由，随便	5
740	しゅうえき	【収益】	(名)	收益，收入	5
741	しゅうかく	【収穫】	(名･动  3  他)	收获	4
742	しゅうがくりょこう	【修学旅行】	(名･动  3  自)	修学旅行	5
743	しゅうかん	【習慣】	(名)	习惯	4
744	じゅうしょ	【住所】	(名)	住址	4
745	しゅうしょく	【就職】	(名･动  3  自)	就业	4
746	しゅうだん	【集団】	(名)	集团	5
747	しゅうちゃく	【執着】	(名･动  3  自)	执着，固执，留恋	5
748	しゅうちゅうりょく	【集中力】	(名)	集中力	5
749	しゅうとう	【周到】	(名･形  2)	周到，周全，周密	5
750	しゅうにゅう	【収入】	(名)	收入	5
751	じゅうぶん	【十分】	(名･形  2)	十分，充分；足够	4
752	じゅうよう	【重要】	(形  2)	重要	4
753	しゅうり	【修理】	(名･动  3  他)	修理	4
754	じゅくご	【熟語】	(名)	惯用语，复合词	5
755	しゅくじつ	【祝日】	(名)	节日，法定假日	4
756	じゅけん	【受験】	(名･动３他)	投考，报考，应试	4
757	しゅじゅつ	【手術】	(名･动３自)	手术	5
758	じゅしょう	【受賞】	(名･动３自他)	获奖，得奖	4
759	しゅじん	【主人】	(名)	丈夫，老板	5
760	しゅちょう	【主張】	(名･动  3  他)	主张，论点	4
761	しゅっしん	【出身】	(名)	出生在，籍贯；毕业于	5
762	しゅと	【首都】	(名)	首都	4
763	じゅよう	【需要】	(名)	需求，需要	5
764	しゅるい	【種類】	(名)	种类	4
765	じゅんきょうじゅ	【准教授】	(名)	副教授	4
766	じゅんじょ	【順序】	(名)	顺序	4
767	じゅんすい	【純粋】	(名･形  2)	纯真；纯粹	4
768	しゅんせつ	【春節】	(名)	春节	4
769	じゅんび	【準備】	(名･动  3  他)	准备	4
770	しよう	【使用】	(名･动  3  他)	使用	4
771	じょうえい	【上映】	(名･动  3  他)	放映，上映	5
772	じょうか	【浄化】	(名･动  3  他)	净化，纯洁化	4
773	しょうがい	【生涯】	(名)	终生，毕生，一辈子	5
774	しょうがいしゃ	【障害者】	(名)	身心障碍者	4
775	しょうがつ	【正月】	(名)	正月，新年	4
776	しょうきゃく	【焼却】	(名･动  3  他)	焚烧，烧掉	5
777	しょうぎょう	【商業】	(名)	商业	5
778	じょうけん	【条件】	(名)	条件	5
779	しょうこ	【証拠】	(名)	证据	4
780	しょうさん	【賞賛】	(名･动  3  他)	称赞，赞扬，赞赏	5
781	しょうしか	【少子化】	(名)	少子化	5
782	しょうじき	【正直】	(形  2)	老实，诚实，直率	5
783	じょうしき	【常識】	(名)	常识	5
784	しょうじょう	【症状】	(名)	症状，病情	5
785	しょうじる	【生じる】	(动  2  自他)	产生，发生，生长	4
786	しょうせつ	【小説】	(名)	小说	5
787	しょうたい	【招待】	(名･动  3  他)	邀请，招待	5
788	じょうだん	【冗談】	(名)	玩笑，笑话	4
789	しょうち	【承知】	(名･动  3  他)	同意，知道，领命	4
790	しょうちょう	【象徴】	(名･动  3  他)	象征	4
791	しょうどうがい	【衝動買い】	(名･动  3  他)	冲动购物	5
792	しょうとつ	【衝突】	(名･动  3  自)	碰撞，冲突	4
793	しょうばい	【商売】	(名･动  3  自)	生意，买卖	5
794	じょうはつ	【蒸発】	(名･动３自)	蒸发	5
795	しょうひ	【消費】	(名･动  3  他)	消费，耗费，花费	5
796	しょうひん	【商品】	(名)	商品	4
797	じょうほう	【情報】	(名)	信息，情报	4
798	しょうめい	【証明】	(名･动  3  他)	证明	5
799	しょうゆ	【醤油】	(名)	酱油	4
800	ジョーク	【joke】	(名)	诙谐，笑话，玩笑	5
801	ジョギング	【jogging】	(名･动３自)	跑步，放松慢跑	5
802	しょくぎょう	【職業】	(名)	职业	4
803	しょくざい	【食材】	(名)	食材	4
804	しょくば	【職場】	(名)	工作单位，工作岗位	5
805	しょくひん	【食品】	(名)	食品	4
806	しょくぶつ	【植物】	(名)	植物	4
807	じょげん	【助言】	(名･动３自)	建议；忠告	5
808	じょじょに	【徐々に】	(副)	慢慢地，徐徐地	4
809	じょせい	【女性】	(名)	女性	4
810	しょたいめん	【初対面】	(名･动  3  自)	初次见面	4
811	しょどう	【書道】	(名)	书法，书道	5
812	しょり	【処理】	(名・动  3  他)	处理，办理，收拾	5
813	しらべる	【調べる】	(动  2  他)	调查，查阅，审问	5
814	じりつ	【自立】	(名･动  3  自)	自立	4
815	シルク	【silk】	(名)	丝，丝绸，生丝	5
816	しるし	【印】	(名)	标志，记号	4
817	しろうと	【素人】	(名)	外行，业余者，门外汉	5
818	しんきんかん	【親近感】	(名)	亲近感	4
819	しんけい	【神経】	(名)	神经	5
820	しんけん	【真剣】	(名･形２)	认真，正经，严肃	5
821	しんこう	【信仰】	(名)	信仰	4
822	しんごう	【信号】	(名)	信号	5
823	じんこう	【人口】	(名)	人口	4
824	じんじゃ	【神社】	(名)	神社	5
825	しんしゅつ	【進出】	(名･动  3  自)	进入，向新的领域发展	4
826	しんじょう	【信条】	(名)	信条，信念	4
827	しんじる	【信じる】	(动  2  他)	相信	4
828	しんぞう	【心臓】	(名)	心脏	5
829	しんど	【震度】	(名)	地震强度，震度	5
830	しんぱい	【心配】	(名･动3  他･形2)	操心事，担心事	5
831	シンプル	【simple】	(形  2)	单纯，简单；质朴	5
832	シンボル	【symbol】	(名)	象征	5
833	しんゆう	【親友】	(名)	至交，好友，挚友	5
834	しんよう	【信用】	(名)	信赖，相信	5
835	しんりょう	【診療】	(名･动  3  他)	诊疗，诊治	5
836	すいそく	【推測】	(名･动３他)	推测，猜测，估计	4
837	スイッチ	【switch】	(名)	开关	4
838	すいどう	【水道】	(名)	自来水（管）	4
839	ずいぶん	【随分】	(副)	相当，很	4
840	スーツ	【suit】	(名)	西服套装	5
841	スープ	【soup】	(名)	(西餐的)汤	5
842	すうがく	【数学】	(名)	数学	4
843	すがた	【姿】	(名)	姿势，举止，身影	4
844	すぎさる	【過ぎ去る】	(动  1  自)	过去，（成为）过去	5
845	すきま	【隙間】	(名)	缝，缝隙	5
846	スキル	【skill】	(名)	技术，技巧，本领	4
847	すくう	【救う】	(动  1  他)	救助，帮助，拯救	4
848	すくなからず	【少なからず】	(副)	相当程度上，不少	5
849	すくなくとも	【少なくとも】	(副)	至少，最起码	4
850	スケジュール	【schedule】	(名)	日程（表）	4
851	すごい	【凄い】	(形  1)	惊人，厉害，了不起	4
852	すこやか	【健やか】	(形  2)	健康的	4
853	すすむ	【進む】	(动  1  自)	前进；进展；发展	4
854	すすめる	【進める】	(动  2  他)	推进，进行	4
855	すすめる	【勧める】	(动  1  自)	建议，提议	5
856	スタッフ	【staff】	(名)	工作人员	5
857	ずつ		(后缀)	(表示均衡)每，各	4
858	すっきり		(副･动  3  自)	心情轻松、舒畅；整洁	5
859	すっぱい	【酸っぱい】	(形  1)	酸	5
860	ステージ	【stage】	(名)	舞台，讲台	5
861	ステレオタイプ	【stereotype】	(名)	陈规，俗套	5
862	ストレス	【stress】	(名)	精神压力，精神紧张状态	4
863	すな	【砂】	(名)	沙，沙子	5
864	すなわち		(接)	即，也就是说	4
865	スニーカー	【sneaker】	(名)	轻便运动鞋	4
866	すばやい	【素早い】	(形  1)	快速；敏捷；麻利，利落	5
867	スピーチ	【speech】	(名)	讲话，演说，致词	4
868	スプーン	【spoon】	(名)	汤匙，调羹	4
869	すべて		(名･副)	一切，所有；总共，统统	4
870	すべる	【滑る】	(动  1  自)	滑，溜	5
871	スマートフォン	【smartphone】	(名)	智能手机	4
872	すます	【澄ます】	(动  1  他)	澄清，集中	4
873	すみ	【隅】	(名)	角落	5
874	すむ	【済む】	(动  1  自)	完了，过得去，解决	4
875	すもう	【相撲】	(名)	相扑	5
876	ずるい	【狡い】	(形  1)	狡猾	4
877	するどい	【鋭い】	(形  1)	尖锐，尖	5
878	せ	【背】	(名)	脊背，后背	4
879	せいかく	【性格】	(名)	性格	4
880	せいかく	【正確】	(名･形  2)	正确，准确	4
881	せいきゅう	【請求】	(名･动３他)	索取，要求	5
882	ぜいきん	【税金】	(名)	税款	5
883	せいげん	【制限】	(名･动３他)	限制；限度	5
884	せいこう	【成功】	(名･动３他)	成功	4
885	せいじ	【政治】	(名)	政治	4
886	せいしつ	【性質】	(名)	性质	5
887	せいしん	【精神】	(名)	精神	4
888	せいじん	【成人】	(名)	成人	4
889	せいぜい		(副)	顶多，充其量；尽量	4
890	せいぞう	【製造】	(名･动３他)	制造	5
891	せいぞん	【生存】	(名･动３自)	生存	5
892	せいたい	【生態】	(名)	生态	5
893	せいだい	【盛大】	(名･形  2)	隆重，盛大	4
894	ぜいたく	【贅沢】	(名･形２)	奢侈，奢华，奢望	5
895	せいちょう	【成長】	(名･动３自)	成长，生长；增长	4
896	せいど	【制度】	(名)	制度	5
897	せいねん	【青年】	(名)	青年	5
898	せいぶつ	【生物】	(名)	生物	5
899	せいめい	【生命】	(名)	生命	4
900	せいよう	【西洋】	(名)	西洋，西方	5
901	せいり	【整理】	(名･动３他)	整理，整顿	4
902	セーター	【sweater】	(名)	毛衣，羊毛衫	4
903	せき	【咳】	(名)	咳嗽	5
904	せきたん	【石炭】	(名)	煤，煤炭	5
905	せきにん	【責任】	(名)	责任	4
906	せきゆ	【石油】	(名)	石油	4
907	せだい	【世代】	(名)	一代（人），世代	4
908	せっかく		(副)	特意，好(不)容易	5
909	せっきょく	【積極】	(名)	积极	5
910	せっきょくてき	【積極的】	(形  2)	积极的	4
911	せっく	【節句】	(名)	节日	4
912	せっけん	【石鹸】	(名)	肥皂	5
913	せっする	【接する】	(动  3  自他)	接触，接待；连接上	4
914	ぜったい	【絶対】	(名･副)	绝对，一定，无论如何	4
915	せつび	【設備】	(名)	设备	5
916	せなか	【背中】	(名)	背，背脊	4
917	ぜひ	【是非】	(副)	一定，务必	4
918	せみ	【蝉】	(名)	蝉，知了	5
919	ゼリー	【jelly】	(名)	果冻	4
920	ゼロ	【zero】	(名)	零	4
921	せんきょ	【選挙】	(名･动３他)	选举	5
922	せんざい	【洗剤】	(名)	洗洁精，洗衣粉	5
923	せんしゅ	【選手】	(名)	选手，运动员	5
924	センス	【sense】	(名)	感觉，审美能力	5
925	せんぞ	【先祖】	(名)	先祖	4
926	せんそう	【戦争】	(名)	战争	5
927	せんねん	【先年】	(名･副)	往年，前些年	5
928	せんもん	【専門】	(名)	专业，专门	4
929	せんれん	【洗練】	(名･动３他)	精炼，高尚，讲究	5
930	そういてん	【相違点】	(名)	不同之处	4
931	ぞうか	【増加】	(名･动  3  自他)	增加	5
932	ぞうきん	【雑巾】	(名)	抹布，搌布	5
933	そうさく	【創作】	(名･动  3  他)	创作，编造	4
934	そうしん	【送信】	(名･动  3  他)	发送，发射，传送信号	4
935	そうぞう	【想像】	(名･动  3  他)	想像	5
936	そうとう	【相当】	(名･动  3  自･形  2)	相当于，很，颇	4
937	ぞうに	【雑煮】	(名)	杂煮，年糕汤	4
938	そえる	【添える】	(动  2  他)	添，附加，补充	4
939	ソース	【sauce】	(名)	沙士，沙司，调味汁	5
940	ソーセージ	【sausage】	(名)	香肠，腊肠，红肠	4
941	そしき	【組織】	(名･动３他)	组织	5
942	そせん	【祖先】	(名)	先祖，祖先	4
943	そそぐ	【注ぐ】	(动  1  自他)	流入，降下；注入，灌入	5
944	そそっかしい		(形  1)	冒失，马大哈，丢三落四	5
945	そだいごみ	【粗大ごみ】	(名)	电器、家具等大件垃圾	5
946	そだつ	【育つ】	(动  1  自)	生长，成长	4
947	そだてる	【育てる】	(动  2  他)	抚育，培养	5
948	そで	【袖】	(名)	袖子	4
949	そなえる	【備える】	(动  2  他)	准备，防备；备置；具备	5
950	そば	【側･傍】	(名)	旁边；附近	5
951	ソフト	【soft】	(名)	柔软，柔和；软件	5
952	そまつ	【粗末】	(形  2)	粗糙；不重视，不爱惜	4
953	そもそも		(副)	最初，原本，到底	4
954	そろう	【揃う】	(动  1  自)	聚齐，配齐，到齐	4
955	そろえる	【揃える】	(动  1  自)	凑齐，使…一致	4
956	そろそろ		(副)	慢慢地，差不多要，渐渐	4
957	そん	【損】	(名･形  2)	损失，亏损，吃亏	4
958	そんけい	【尊敬】	(名･动３他)	尊敬	4
959	そんちょう	【尊重】	(名･动  3  他)	尊重	4
960	ダイエット	【diet】	(名･动  3  自)	节食，减肥	5
961	だいかんげい	【大歓迎】	(名･动  3  他)	非常欢迎	4
962	たいき	【大気】	(名)	大气，空气	5
963	たいくつ	【退屈】	(名･形  2)	厌倦，乏味	5
964	たいこう	【対抗】	(名･动  3  自)	对抗，抗衡	5
965	だいじ	【大事】	(形  2)	重要，珍惜	4
966	たいしゅうてき	【大衆的】	(形  2)	大众性的，群众性的	4
967	たいしょう	【対象】	(名)	对象，目标，客体	4
968	たいする	【対する】	(动  3  自)	对，对待，对抗	4
969	たいそう	【体操】	(名)	体操	4
970	だいたい	【大体】	(副)	大体	4
971	たいてい	【大抵】	(副)	大抵，大都	5
972	だいとうりょう	【大統領】	(名)	总统	5
973	だいどころ	【台所】	(名)	厨房	4
974	タイトル	【title】	(名)	标题，题目；官衔，头衔	5
975	だいひょう	【代表】	(名･动  3  他)	代表	4
976	タイプ	【type】	(名･动  3  他)	类型；打字	5
977	だいぶ		(副)	很，相当	4
978	たいふう	【台風】	(名)	台风	5
979	タイミング	【timing】	(名)	时机	5
980	だいめい	【題名】	(名)	标题，题名	4
981	ダイヤル	【dial】	(名･动  3  自)	刻度盘；拨号盘；拨号	4
982	たいら	【平ら】	(形  2)	平的，平坦	5
983	たいりく	【大陸】	(名)	大陆	4
984	たえる	【耐える】	(动  2  自)	忍耐，忍受；顶住	5
985	たおす	【倒す】	(动  1  他)	弄倒，放倒	4
986	たおれる	【倒れる】	(动  2  自)	倒下，病倒	4
987	たがい	【互い】	(名)	互相，双方	5
988	たかめる	【高める】	(动  2  他)	提高，抬高	4
989	たがやす	【耕す】	(动  1  他)	耕，耕耘	4
990	たく	【焚く】	(动  1  他)	烧火，焚烧	4
991	たく	【炊く】	(动  1  他)	煮(饭)，烧(菜)	5
992	たくみ	【巧み】	(名･形  2)	巧妙，灵巧；下功夫	5
993	だげき	【打撃】	(名)	打击，损害，损失	5
994	たさい	【多彩】	(名･形  2)	五颜六色，丰富多彩	5
995	たしか	【確か】	(形  2)	确实，可靠，大概	4
996	たすける	【助ける】	(动  1  他)	帮助，援助；救（助）	5
997	たずねる	【尋ねる】	(动  2  他)	询问，探听，寻求	4
998	ただ		(副)	只，仅仅；不过	4
999	ただ		(名)	免费，普通	5
1000	たたかう	【戦う】	(动  1  自)	战斗，交战，比赛	5
1001	たたく	【叩く】	(动  1  他)	敲，打；敲打；拍手	5
1002	ただちに	【直ちに】	(副)	立即，直接	5
1003	たたみ	【畳】	(名)	草席，榻榻米	5
1004	たたむ	【畳む】	(动  1  他)	折叠，合上	5
1005	たちよる	【立ち寄る】	(动  1  自)	靠近，走近；顺便到	5
1006	たっせいかん	【達成感】	(名)	成就感	5
1007	たて	【縦】	(名)	纵，竖，长	5
1008	たてまえ	【建前】	(名)	场面话	5
1009	たてる	【立てる】	(动  2  他)	发出声响，挺立，竖起	5
1010	たとえ		(副)	即使，纵然	4
1011	たとえる	【例える】	(动  2  他)	比喻，比方	4
1012	たどる	【辿る】	(动  1  他)	探索；追寻	5
1013	たな	【棚】	(名)	搁板，架子	4
1014	たなばた	【七夕】	(名)	七夕节	4
1015	たにん	【他人】	(名)	他人，别人	4
1016	たのしむ	【楽しむ】	(动  1  他)	享受，欣赏，期待	4
1017	たのむ	【頼む】	(动  1  他)	请求，恳求，委托	5
1018	たび	【度】	(名)	次，回；次数	5
1019	たび	【旅】	(名)	旅行，出门在外	5
1020	たびさき	【旅先】	(名)	旅行途中，旅行地	5
1021	たま	【玉】	(名)	球，珠；子弹	5
1022	たましい	【魂】	(名)	灵魂	4
1023	たまに	【偶に】	(副)	有时，偶尔	5
1024	たまる	【貯・溜まる】	(动  1  自)	积攒，积存，积压	5
1025	ためす	【試す】	(动  1  他)	试，试验，尝试	5
1026	ためる	【溜・貯める】	(动  2  他)	积攒，储（钱，水）	5
1027	たもつ	【保つ】	(动  1  他)	保持，维持；保存	4
1028	たようか	【多様化】	(名･动  3  自)	多样化，多样性	4
1029	だらしない		(形  1)	不检点；没出息，不争气	5
1030	だらだら		(副･动  3  自)	冗长，不简练	5
1031	たりる	【足りる】	(动  2  自)	足够，够用，值得	4
1032	たる	【足る】	(动  1  自)	充足，足够	4
1033	だるい		(形  1)	疲软乏力，懒倦的	4
1034	たんごちょう	【単語帳】	(名)	单词本	5
1035	たんしょ	【短所】	(名)	短处，缺点	4
1036	たんす	【箪笥】	(名)	衣柜，衣橱	5
1037	たんに	【単に】	(副)	仅，只，单	5
1038	だんらん	【団欒】	(名･动  3  自)	团圆，团聚	4
1039	ち	【血】	(名)	血，血缘	4
1040	チーム	【team】	(名)	组，团队	4
1041	チームワーク	【teamwork】	(名)	团队合作	4
1042	チェック	【check】	(名･动３他)	核对，检验	5
1043	ちえ	【知恵】	(名)	差别，差异；差错	4
1044	ちかづく	【近づく】	(动  1  自)	靠近，接近；近似	5
1045	ちかてつ	【地下鉄】	(名)	地铁	4
1046	ちきゅう	【地球】	(名)	地球	4
1047	チケット	【ticket】	(名)	票，劵，入场券、餐券等	4
1048	ちこく	【遅刻】	(名･动  3  自)	迟到	4
1049	ちてき	【知的】	(形  2)	有知识的，聪明的	5
1050	チャイナタウン	【China  Town】	(名)	唐人街	4
1051	チャレンジ	【challenge】	(名･动  3  自)	挑战	4
1052	チャンス	【chance】	(名)	机会，时机	4
1053	ちゃんと		(副･动  3  自)	按期，准时	4
1054	ちゅうい	【注意】	(名･动  3  自)	注意，留神；提醒，警告	4
1055	ちゅうしゃ	【注射】	(名･动３他)	打针，注射	5
1056	ちゅうしん	【中心】	(名)	中心	5
1057	ちゅうたい	【中退】	(名･动  2  自)	中途退学	5
1058	ちゅうもん	【注文】	(名･动３他)	定做，订购，要求	4
1059	ちょうさ	【調査】	(名･动３他)	调查	4
1060	ちょうし	【調子】	(名)	状态，情况；调，腔调	5
1061	ちょうじゅ	【長寿】	(名･形  2)	长寿	4
1062	ちょうせん	【挑戦】	(名･动  3  自)	挑战	4
1063	ちょうり	【調理】	(名･动  3  他)	整理，烹饪，布置	5
1064	ちょきん	【貯金】	(名･动３他)	存钱，储蓄	5
1065	ちょくせつ	【直接】	(名･副)	直接	4
1066	ちょくぜん	【直前】	(名)	即将…之前，前夕	5
1067	ちょっとした		(连体)	一点，相当	5
1068	ちらかる	【散らかる】	(动  1  自)	零乱，散乱	5
1069	ちらし	【散らし】	(名)	传单，广告单，宣传品	5
1070	ちりぢり	【散り散り】	(名･形  2)	散乱；离散	5
1071	ちる	【散る】	(动  1  自)	凋谢；分散	5
1072	ツアーガイド	【tour-guide】	(名)	旅行社导游，团队导游	5
1073	つい		(副)	不知不觉，无意中	5
1074	ついでに		(副)	顺便，就便；顺手	5
1075	ついに		(副)	终于	5
1076	ついやす	【費やす】	(动  1  他)	消耗，耗费；浪费	5
1077	つうがく	【通学】	(名･动３自)	走读	4
1078	つかいこなす	【使い熟す】	(动  1  他)	运用自如，纯熟掌握	5
1079	つかいすて	【使い捨て】	(名)	一次性使用（物）	5
1080	つかまえる	【捕まえる】	(动  2  他)	抓住，捉住	5
1081	つかむ	【掴む】	(动  1  他)	抓，抓住	5
1082	つきあう	【付き合う】	(动  1  自)	交际，交往；陪伴，作陪	4
1083	つぎつぎ	【次々】	(副)	依次，陆续，接连不断地	5
1084	つきもの	【付き物】	(名)	附属物；避免不了的事情	5
1085	つく	【付く】	(动  1  自)	附着，粘附，沾上	5
1086	つぐ	【次ぐ】	(动  1  自)	其后；亚于	5
1087	つくりだす	【作り出す】	(动  1  他)	制造出，生产出，做出	5
1088	つげる	【告げる】	(动  2  他)	告诉；告知，通知	5
1089	つごう	【都合】	(名)	情况，方便	4
1090	つたえる	【伝える】	(动  2  他)	传达，转告，转达，传授	4
1091	つたわる	【伝わる】	(动  1  自)	传，流传；传来，传去	5
1092	つち	【土】	(名)	土，土地	5
1093	つつむ	【包む】	(动  1  他)	包，裹，笼罩	5
1094	つづる	【綴る】	(动  1  他)	连缀，编缀，缝上	4
1095	つとめる	【努める】	(动  2  自)	尽力，侍奉，努力	5
1096	つとめる	【勤める】	(动  2  自)	工作，供职	5
1097	つながる	【繋がる】	(动  1  自)	连接，接通，关联	4
1098	つなぐ	【繋ぐ】	(动  1  他)	系，接，接合；维系	5
1099	つなげる	【繋げる】	(动  2  他)	系；拴；接；维系	4
1100	つなみ	【津波】	(名)	海啸	5
1101	つねに	【常に】	(副)	时常，经常，不断	4
1102	つぶ	【粒】	(名)	颗粒；粒	5
1103	つぶやく	【呟く】	(动  1  自)	嘟哝;发牢骚;唠叨;唧咕	5
1104	つま	【妻】	(名)	妻子	5
1105	つまり		(副)	即，就是说	5
1106	つみ	【罪】	(名)	罪，罪行	5
1107	つみあげる	【積み上げる】	(动  2  他)	堆（累）积起来；堆完	5
1108	つみかさなる	【積み重なる】	(动  1  自)	反复积累；堆积	4
1109	つみかさねる	【積み重ねる】	(动  2  他)	积累，反复，堆起来	5
1110	つむ	【積む】	(动  1  他)	堆积；装载；积累	5
1111	つめ	【爪】	(名)	指甲，爪	5
1112	つめかえ	【詰め替え】	(名)	改装，替换装	5
1113	つめる	【詰める】	(动  2  他)	塞满，填满	4
1114	つもり		(名)	打算	4
1115	つゆ	【梅雨】	(名)	梅雨	4
1116	つらい	【辛い】	(形  1)	辛苦，痛苦，残酷	5
1117	つれる	【連れる】	(动  2  他)	带，领	4
1118	であい	【出会い】	(名)	相遇，相逢，邂逅	5
1119	てあし	【手足】	(名)	手和脚	5
1120	ティータイム	【teatime】	(名)	喝茶时间；休息时间	5
1121	ていき	【提起】	（名・动  3  他）	提出（需讨论的问题）	5
1122	ていきょう	【提供】	(名・动  3  他)	提供	5
1123	ディクテーション	【dictation】	(名)	听写	5
1124	ていしょう	【提唱】	(名･动３他)	提倡，倡导	4
1125	ていしょく	【定食】	(名)	套餐	5
1126	ていちゃく	【定着】	(名･动  3  自)	固定，扎根	4
1127	ていねい	【丁寧】	(形  2)	仔细，认真；客气	4
1128	ていねん	【定年】	(名)	退休，退休年龄	5
1129	でいり	【出入り】	(名)	出入	4
1130	テーブル	【table】	(名)	桌子	4
1131	テーマパーク	【theme  park】	(名)	主题公园	4
1132	てがかり	【手掛かり】	(名)	线索，抓手	5
1133	てきとう	【適当】	(形  2)	适当，恰好	4
1134	テクニック	【technic】	(名)	技巧，技术，技术	4
1135	デザート	【dessert】	(名)	餐后点心，甜食	5
1136	デザイナー	【designer】	(名)	设计师	4
1137	てさき	【手先】	(名)	手指尖儿，手下，喽罗	5
1138	てだすけ	【手助け】	(名･动３他)	帮助，帮忙	5
1139	てつづき	【手続き】	(名)	手续	5
1140	てっていてき	【徹底的】	(形  2)	彻底（的）	5
1141	テニス	【tennis】	(名)	网球	5
1142	てぬぐい	【手拭（い）】	(名)	布手巾	5
1143	てぶくろ	【手袋】	(名)	手套	4
1144	てぶり	【手振り】	(名)	手势	5
1145	でまえ	【出前】	(名・动  3  他)	送上门的外卖	5
1146	デメリット	【demerit】	(名)	短处，缺点	5
1147	てもと	【手元】	(名)	身边，手头；身边	4
1148	てら	【寺】	(名)	庙，寺院	5
1149	デリケート	【delicate】	(形  2)	脆弱，敏感；纤细	5
1150	てんかん	【転換】	(名･动  3  他)	转换	5
1151	てんきよほう	【天気予報】	(名)	天气预报	4
1152	でんししょせき	【電子書籍】	(名)	电子书	4
1153	てんじょう	【天井】	(名)	顶棚，天花板	4
1154	てんしょく	【転職】	(名･动３自)	转业，改行，换工作	5
1155	てんすう	【点数】	(名)	分数，得分；件数	4
1156	テント	【tent】	(名)	帐篷	5
1157	でんとう	【伝統】	(名)	传统	5
1158	テンポ	【(意)tempo】	(名)	拍子，速度，生活节奏	5
1159	と	【戸】	(名)	门；大门；拉门；窗户	5
1160	とい	【問い】	(名)	问，咨询	5
1161	とう	【問う】	(动  1  他)	寻问，打听；追究	5
1162	どうぐ	【道具】	(名)	道具，工具	4
1163	とうこう	【投稿】	(名･动３他)	投稿	5
1164	どうこうかい	【同好会】	(名)	同好会，兴趣小组	4
1165	とうさん	【倒産】	(名･动  3  自)	倒闭，破产	5
1166	どうし	【同士】	(名)	有共同关系的人	4
1167	とうぜん	【当然】	(副)	当然，应当	4
1168	とうちゃく	【到着】	(名･动  3  自)	到达，抵达	5
1169	とうとう	【到頭】	(副)	终于，到底，终究，结局	5
1170	とうばん	【当番】	(名)	值日，值班  (人)，值勤	4
1171	とうぶん	【当分】	(副)	暂时，一时半会儿	5
1172	とおす	【通す】	(动  1  他)	通过	4
1173	とおり	【通り】	(名)	大街，马路；一样	5
1174	どおり		(后缀)	原样	4
1175	とかす	【溶かす】	(动  1  他)	熔化，溶解	5
1176	ときおり	【時折】	(副)	有时，偶尔	5
1177	どきどき		(副･动  3  自)	心跳不已	4
1178	とく	【得】	(名･形  2)	利益，赚头；划算	5
1179	とく	【解く】	(动  1  他)	解，解开	5
1180	とくい	【得意】	(名･形  2)	主顾，擅长，拿手	5
1181	どくしょ	【読書】	(名･动３自)	读书，看书	4
1182	とくちょう	【特徴】	(名)	特征	4
1183	とくに	【特に】	(副)	尤其，特别	4
1184	どくりつ	【独立】	(名)	特别，格外	4
1185	とける	【解ける】	(动  2  自)	解开，解除	4
1186	とこのま	【床の間】	(名)	壁龛	5
1187	ところが		(接)	然而，可是	5
1188	ところで		(接)	用于转换话题	5
1189	としだま	【年玉】	(名)	压岁钱	4
1190	としより	【年寄り】	(名)	老人，上了年纪的人	5
1191	とじる	【閉じる】	(动  2  自他)	闭，关闭	5
1192	とつぜん	【突然】	(副)	突然	4
1193	トップ	【top】	(名)	首位，顶上，首脑	4
1194	とどく	【届く】	(动  1  自)	送达，达到，够到	4
1195	とどけ	【届け】	(名)	报告(书)，申请(书)	5
1196	ととのう	【整う】	(动  1  自)	整齐；完善	5
1197	ととのえる	【整える】	(动  2  他)	整理，备齐，达成	5
1198	どなた		(名)	哪位	4
1199	とにかく		(副)	总之，姑且不论	4
1200	とびこむ	【飛び込む】	(动  1  自)	跳入，跳进；突然闯进	5
1201	とびだす	【飛び出す】	(动  1  自)	跑出去，跳出；突然出现	5
1202	とびたつ	【飛び立つ】	(动  1  自)	飞上天；高兴得跳起来	5
1203	とめる	【止める】	(动  2  他)	停住，堵住	5
1204	ともに	【共に】	(副)	一同，一起，随着，全都	5
1205	ともかく		(副)	暂且不论，总之	5
1206	とら	【虎】	(名)	虎，老虎	5
1207	トラブル	【trouble】	(名)	纠纷，故障	4
1208	トラベル	【travel】	(名)	旅行，旅游	5
1209	ドラマ	【drama】	(名)	电视剧，戏剧	4
1210	とりあう	【取り合う】	(动  1  他)	理睬；争夺；牵手	5
1211	とりあえず		(副)	姑且，暂且	4
1212	とりあげる	【取り上げる】	(动  2  他)	采纳;拿起;没收;提出	4
1213	とりいれる	【取り入れる】	(动  2  他)	引进，吸收，收进	4
1214	とりくむ	【取り組む】	(动  1  自)	对付，较量，全力处理	5
1215	とりこわす	【取り壊す】	(动  1  他)	拆毁，拆掉，拆除	5
1216	とりのぞく	【取り除く】	(动  1  他)	除掉，去掉，拿掉	4
1217	とりもどす	【取り戻す】	(动  1  他)	恢复原样，取回	5
1218	どりょく	【努力】	(名･动  3  自)	努力	4
1219	とりよせる	【取り寄せる】	(动  2  他)	拉过来，让人送来	4
1220	とる	【摂る】	(动  1  他)	摄取	5
1221	どれほど		(副)	多么，如何	5
1222	どろぼう	【泥棒】	(名)	小偷，盗贼	5
1223	とんでもない		(形  1)	意外；毫无道理；过奖	5
1224	どんどん		(副)	连续不断，一个劲儿	5
1225	ナイフ	【knife】	(名)	小刀，水果刀，餐刀	5
1226	なお	【尚】	(副)	还，仍然，另外	5
1227	なおす	【直す】	(动  1  他)	改正，修改，修理	5
1228	なおす	【治す】	(动  1  他)	医治	5
1229	なおる	【直る】	(动  1  自)	改好，修好	5
1230	なおる	【治る】	(动  1  自)	治愈，痊愈	5
1231	ながいき	【長生き】	(名･动  3  自)	长寿，活得久	4
1232	ながす	【流す】	(动  1  他)	流，冲；放（录音）	5
1233	なかなか		(副)	很，相当，非常	4
1234	なかま	【仲間】	(名)	伙伴，朋友，同伙	5
1235	ながめる	【眺める】	(动  2  他)	远眺；注视；旁观	5
1236	なくす	【無くす】	(动  1  他)	丢，丢失	5
1237	なくなる	【無・亡くなる】	(动１自)	消失；亡故，去世	4
1238	なげく	【嘆く･歎く】	(动  1  他)	叹息；悲叹，哀叹	5
1239	なげる	【投げる】	(动  2  他)	投，抛	5
1240	なごやか	【和やか】	(形２)	和谐，和睦，安详	5
1241	なさけない	【情けない】	(形  1)	可悲可叹，令人遗憾	4
1242	なじむ	【馴染む】	(动  1  自)	熟识，适应，融合	5
1243	なす	【成す･為す】	(动  1  他)	形成，构成；完成；做，为	5
1244	なだかい	【名高い】	(形  1)	有名的，著名的	5
1245	なつかしい	【懐かしい】	(形  1)	怀念，留恋	4
1246	なっとく	【納得】	(名･动  3  他)	理解，领会；同意，信服	5
1247	ななめ	【斜め】	(名･形  2)	斜，倾斜	5
1248	なにしろ	【何しろ】	(副)	怎么说也；因为，由于	5
1249	なま	【生】	(名)	生，直接	4
1250	なまける	【怠ける】	(动  2  自)	懒惰，懈怠	5
1251	なまごみ	【生ゴミ】	(名)	厨房垃圾，生活垃圾	5
1252	なみ	【波】	(名)	波，波浪	4
1253	なめらか	【滑らか】	(形  2)	光滑，流畅	5
1254	なやます	【悩ます】	(动  1  他)	伤脑筋；(使)烦恼	5
1255	なやむ	【悩む】	(动  1  自)	烦恼；苦恼	5
1256	ならす	【鳴らす】	(动  1  他)	鸣，啼，发出响声	4
1257	ならべる	【並べる】	(动  2  他)	排列；摆，陈列；列举	5
1258	なりたつ	【成り立つ】	(动  1  自)	成立，能维持（生活等）	5
1259	なるべく		(副)	尽可能，尽量	5
1260	なるほど		(副･感)	的确，果然	4
1261	なれる	【慣れる】	(动  2  自)	习惯	4
1262	なんとか	【何とか】	(副)	想方设法	5
1263	なんとなく		(副)	（不知为什么）总觉得	4
1264	にあう	【似合う】	(动  1  自)	(服饰）相配，适称，合适	5
1265	ニーズ	【needs】	(名)	需求，要求	4
1266	にがい	【苦い】	(形  1)	味苦，痛苦	5
1267	にがて	【苦手】	(名･形  2)	不擅长，难对付	5
1268	にぎる	【握る】	(动  1  他)	握，掌握	5
1269	にげる	【逃げる】	(动  2  自)	逃跑，逃避	5
1270	にこむ	【煮込む】	(动  1  他)	炖，熬，长时间煮	4
1271	にゅうじょう	【入場】	(名･动３自)	入场（会场、比赛场等）	4
1272	にゅうよく	【入浴】	(名･动３自)	洗澡，沐浴	5
1273	にゅうりょく	【入力】	(名･动  3  他)	输入（信号、数据等）	5
1274	にる	【似る】	(动  2  自)	相似，类似，像	4
1275	にる	【煮る】	(动  2  他)	煮，炖，熬	5
1276	にんき	【人気】	(名)	人缘，受欢迎	4
1277	ぬう	【縫う】	(动  1  他)	缝，穿过	5
1278	ぬかす	【抜かす】	(动  1  他)	跳过，越过，漏掉	4
1279	ぬく	【抜く】	(动  1  他)	拔，抽	5
1280	ぬぐう	【拭う】	(动  1  他)	擦掉，拭去，揩掉	5
1281	ぬけだす	【抜け出す】	(动  1  自)	脱身，溜走；超前，超出	5
1282	ぬすむ	【盗む】	(动  1  他)	偷盗，盗窃；背着	5
1283	ぬる	【塗る】	(动  1  他)	涂(颜料)，擦，抹	5
1284	ぬれる	【濡れる】	(动  2  自)	沾湿，湿透	5
1285	ネーミング	【naming】	(名・动  3  自)	命名，取名，提名	5
1286	ネクタイ	【necktie】	(名)	领带	4
1287	ねずみ	【鼠】	(名)	老鼠	5
1288	ねた		(名)	素材，原料	4
1289	ねっしん	【熱心】	(形  2)	热情，热心	4
1290	ねむる	【眠る】	(动  1  自)	睡觉	5
1291	ねんし	【年始】	(名)	年头	4
1292	ねんぱい	【年配】	(名)	中年	5
1293	ねんまつ	【年末】	(名)	年尾	4
1294	ねんりょう	【燃料】	(名)	燃料	5
1295	のうりつ	【能率】	(名)	效率，生产率	5
1296	のこす	【残す】	(动  1  他)	留下，保留，剩下	4
1297	のこる	【残る】	(动  1  自)	留下，残存，剩下	5
1298	のせる	【乗･載せる】	(动  2  他)	装载；刊登；放…上	5
1299	のぞく	【覗く】	(动  1  他)	窥视，探视；看一看，瞧瞧	5
1300	のぞむ	【望む】	(动  1  他)	眺望；希望，期望，指望	5
1301	のち	【後】	(名)	之后，今后	5
1302	のばす	【伸ばす】	(动  1  他)	延长，发挥，拓展	5
1303	のびやか	【伸びやか】	(形  2)	轻松舒畅，悠然自得	4
1304	のびる	【伸びる】	(动  1  自)	伸长，到达，扩大	5
1305	のりあわせる	【乗り合わせる】	(动  2  自)	(和别人)偶然同乘	5
1306	のりかえる	【乗り換える】	(动  2  他)	换乘	4
1307	のりこえる	【乗り越える】	(动  2  自)	越过，跨过；渡过	5
1308	のんびり		(副)	悠闲自在，舒舒服服	5
1309	はあく	【把握】	(名･动  3  他)	把握，掌握	4
1310	パーティー	【party】	(名)	晚会，聚会	4
1311	ハイキング	【hiking】	(名)	郊游，徒步旅行，远足	5
1312	はいそう	【配送】	(名･动  3  他)	发送；分发，分送	4
1313	はいたつ	【配達】	(名･动  3  他)	递送(邮件，货物)	4
1314	ばいてん	【売店】	(名)	小卖部，小卖店，售货亭	5
1315	はいゆう	【俳優】	(名)	演员	5
1316	はいりこむ	【入り込む】	(动  1  自)	进入；钻入，爬入	5
1317	はえる	【生える】	(动  2  自)	长出，丛生	5
1318	ばか	【馬鹿】	(名･形  2)	笨蛋，混蛋，傻瓜	4
1319	はかい	【破壊】	(名･动  3  自他)	破坏，毁坏	5
1320	はかる	【計る】	(动  1  他)	计量；推测，揣测，揣摩	5
1321	はきけ	【吐き気】	(名)	恶心，反胃	4
1322	はく	【吐く】	(动  1  他)	吐，呕；排；说出	5
1323	はく	【掃く】	(动  1  他)	扫，打扫	5
1324	はくねつ	【白熱】	(名･动  3  自)	炽热；白热化	5
1325	はげしい	【激しい】	(形  1)	激烈，厉害	5
1326	はげます	【励ます】	(动  1  他)	鼓励，激励，勉励	5
1327	はげむ	【励む】	(动  1  自)	努力，刻苦，勤勉	5
1328	はこ	【箱】	(名)	箱子，盒子	5
1329	はし	【端】	(名)	一端，一边	5
1330	はし	【橋】	(名)	桥	4
1331	はし	【箸】	(名)	筷子	4
1332	はじめて	【初めて】	(副)	初次；首次	5
1333	はしら	【柱】	(名)	柱子，支柱	5
1334	はじる	【恥じる】	(动  2  自他)	羞耻，羞愧，逊色	4
1335	はずす	【外す】	(动  1  他)	取下，排除	5
1336	はずれる	【外れる】	(动  2  自)	偏离，落空；脱落	5
1337	パソコン	【personal  computer】	(名)	电脑，计算机	5
1338	はだか	【裸】	(名)	赤裸，裸体	5
1339	はたけ	【畑】	(名)	旱田，田地	4
1340	はたす	【果たす】	(动  1  他)	完成，实现，实行	5
1341	はたらきかける	【働きかける】	(动  2  他)	推动，发动	5
1342	バッグ	【bag】	(名)	包，袋	4
1343	はっけん	【発見】	(名･动３他)	发现	4
1344	はっそう	【発送】	(名･动３他)	发送，寄出，发出	5
1345	はったつ	【発達】	(名･动３自)	发达	5
1346	ぱっと		(副)	突然；一下子；引人注目	4
1347	はっぴょう	【発表】	(名･动  3  他)	发表，公布	4
1348	はつもうで	【初詣】	(名)	新年的首次参拜	5
1349	はで	【派手】	(名･形２)	艳丽，花哨，阔绰	5
1350	はなしあう	【話し合う】	(动  1  自他)	交谈，商议	4
1351	はなす	【放す】	(动  1  他)	放开，放掉	5
1352	はなす	【離す】	(动  1  他)	（使）离开，隔开	5
1353	はなれる	【離れる】	(动  2  自)	分离，离开，相隔	5
1354	はね	【羽】	(名)	羽毛，翅膀	5
1355	はねつける		(动  2  他)	弹回，撞翻，拒绝	5
1356	はば	【幅】	(名)	宽度，幅度	5
1357	はばひろい	【幅広い】	(形  1)	广泛的	5
1358	はめ	【羽目】	(名)	困境，境地；木墙板	5
1359	はめる	【嵌める】	(动  2  他)	嵌，戴上(戒指)	5
1360	はやる	【流行る】	(动  1  自)	流行	4
1361	はら	【腹】	(名)	肚子，腹	5
1362	ばらうり	【ばら売り】	(名･动３他)	零售，散卖	5
1363	はらはら		(副･动  3  自)	担心，忧虑	4
1364	ばらばら		(副･形  2)	零乱，零散	5
1365	バランス	【balance】	(名)	平衡，均衡	4
1366	はる	【張る】	(动  1  自他)	伸展；复盖；牵拉	5
1367	はんい	【範囲】	(名)	范围	4
1368	ハンカチ	【handkerchief】	(名)	手帕	4
1369	はんげき	【反撃】	(名･动３自)	反击，反攻	5
1370	はんせい	【反省】	(名･动３他)	反省，检查自己	5
1371	はんだん	【判断】	(名･动３他)	判断	5
1372	ビール	【荷bier】	(名)	啤酒	4
1373	ひえる	【冷える】	(动  2  自)	变冷，放凉，觉得冷	5
1374	ひがえり	【日帰り】	(名)	当天去当天回	4
1375	ひかえる	【控える】	(动  2  自他)	等候，待命；控制，节制	5
1376	ひかく	【比較】	(名･动３他)	比较	4
1377	ひかる	【光る】	(动  1  自)	发光；出众；监视，盯视	5
1378	ひきだし	【引き出し】	(名)	抽屉	4
1379	ひきにく	【挽肉】	(名)	肉馅儿，肉末	4
1380	ひきよせる	【引き寄せる】	(动  2  他)	拉到近旁；引到近处	5
1381	ひげ	【髭】	(名)	胡须，胡子	5
1382	ひざ	【膝】	(名)	膝，膝盖	5
1383	ひさいち	【被災地】	(名)	灾区，受灾地	4
1384	びじゅつ	【美術】	(名)	美术	4
1385	ひじょうに	【非常に】	(副)	非常，很	4
1386	びっくり		(副・动  3  自)	吃惊，吓一跳	5
1387	ひづけ	【日付】	(名)	日期	4
1388	ひっこす	【引っ越す】	(动  1  自)	搬家，迁居，搬迁	5
1389	ひっし	【必死】	(形  2)	死命，拼命	5
1390	ひつよう	【必要】	(名･形  2)	必要，必须	4
1391	ひていてき	【否定的】	(形２)	否定（性）的	4
1392	ひどい	【酷い】	(形  1)	过分的，苛刻的	4
1393	ひとがら	【人柄】	(名)	人品，人格	5
1394	ひとくち	【一口】	(名)	一口，一概而论	5
1395	ひとこと	【一言】	(名)	三言两语	4
1396	ひとしい	【等しい】	(形  1)	相等，相同	5
1397	ひとよし	【人好し】	(名)	善良，好心肠（的人）	5
1398	ひとりぐらし	【一人暮らし】	(名)	一个人生活，单身生活	5
1399	ひとりぼっち	【一人ぼっち】	(名)	孤独一人，孤单	5
1400	ひなたぼっこ	【日向ぼっこ】	(名･动  3  自)	晒太阳	5
1401	ひなまつり	【雛祭り】	(名)	女儿节	4
1402	ひにく	【皮肉】	(名･形  2)	挖苦，讽刺，嘲讽	5
1403	ひまん	【肥満】	(名･动  3  自)	肥胖；肥胖症	4
1404	ひも	【紐】	(名)	细绳子，带子	5
1405	ひやす	【冷やす】	(动  2  他)	冰镇，冷却	4
1406	ひよう	【費用】	(名)	费用	5
1407	ひょうばん	【評判】	(名)	名声，获得好评	5
1408	ひょうめん	【表面】	(名)	表面	5
1409	ひるね	【昼寝】	(名･动  3  自)	午睡，午觉	5
1410	ひろう	【披露】	(名･动  3  他)	展示，发表；公开宣布	4
1411	ひろがる	【広がる】	(动  1  自)	扩大，延伸	4
1412	ひろげる	【広げる】	(动  2  他)	展开，扩大	5
1413	ひろめる	【広める】	(动  2  他)	扩大；推广；传播	4
1414	ヒント	【hint】	(名)	暗示，启发，启示	4
1415	びんぼう	【貧乏】	(名･形  2)	贫穷，贫困	4
1416	ファッション	【fashion】	(名)	流行，时兴，时尚	5
1417	ふあん	【不安】	(名･形  2)	不安，担心，焦虑	4
1418	フィクション	【fiction】	(名)	小说；虚构的故事	4
1419	ふうふ	【夫婦】	(名)	夫妇	4
1420	ブーム	【boom】	(名)	热潮，高潮	5
1421	プール	【pool】	(名)	游泳池	4
1422	ふえ	【笛】	(名)	笛子	5
1423	ふえる	【増える】	(动  2  自)	增加，增多	5
1424	ふかけつ	【不可欠】	(名･形  2)	不可或缺	4
1425	ぶかつ	【部活】	(名)	倶楽部活動	4
1426	ふかまる	【深まる】	(动  1  自)	变深，变浓	5
1427	ふかめる	【深める】	(动  2  他)	加强，加深	4
1428	ふきゅう	【普及】	(名･动３自他)	普及，推广	4
1429	ふきょう	【不況】	(名)	不景气，萧条	5
1430	ふく	【吹く】	(动  1  自他)	吹，喷，冒出	5
1431	ふくし	【福祉】	(名)	福利，福祉	4
1432	ふくむ	【含む】	(动  1  他)	含，含有，包含	4
1433	ふくらむ	【膨らむ】	(动  1  自)	鼓起，膨胀，扩大	5
1434	ふくろ	【袋】	(名)	袋，口袋；纸袋，布袋	5
1435	ぶさた	【無沙汰】	(名･形  2)	久未通信，久疏问候	5
1436	ふさわしい		(形  1)	合适，相称，般配	4
1437	ぶじ	【無事】	(名･形  2)	平安无事	5
1438	ふしぎ	【不思議】	(名･形  2)	不可思议，奇怪的	4
1439	ふじゆう	【不自由】	(名･形  2)	不自由，不如意，不便	4
1440	ふせぐ	【防ぐ】	(动  1  他)	防守，防止；预防，防备	5
1441	ふた	【蓋】	(名)	盖子	5
1442	ふたたび	【再び】	(副)	再，又，重新	5
1443	ふたん	【負担】	(名･动３他)	负担，承担；重任	4
1444	ふだん	【普段】	(名･副)	平常，日常	4
1445	ぶっか	【物価】	(名)	物价	5
1446	ぶつかる		(动  1  自)	碰，撞，遇上，冲突	4
1447	ぶっきょう	【仏教】	(名)	佛教	4
1448	ぶつける		(动  2  他)	碰上，抛出，扔	4
1449	ふつごう	【不都合】	(名･形  2)	不便，不妥	5
1450	ぶどう	【葡萄】	(名)	葡萄	5
1451	ふとる	【太る】	(动  2  自)	胖，发福，变胖	5
1452	ふとん	【布団】	(名)	被褥，铺盖	5
1453	ふみだす	【踏み出す】	(动  1  他)	迈出，迈步，踏出	4
1454	ふむ	【踏む】	(动  1  他)	踩，踏	5
1455	ふやす	【増やす】	(动  1  他)	增加，增多	5
1456	プラスチック	【plastics】	(名)	塑料	5
1457	ぶらんこ		(名)	秋千	5
1458	ふりまわす	【振り回す】	(动  1  他)	挥，摇，摆；折腾，卖弄	5
1459	フリーマーケット	【flea  market】	(名)	跳蚤市场，旧货市场	5
1460	ふれあう	【触れ合う】	(动  1  自)	互相接触，互相挨着	5
1461	ふれる	【触れる】	(动  2  自)	触，碰，接触；触及	5
1462	プロジェクト	【project】	(名)	规划，计划，项目	4
1463	ぶんがく	【文学】	(名)	文学	4
1464	ぶんかさい	【文化祭】	(名)	文化节	5
1465	ぶんせき	【分析】	(名･动３他)	分析	5
1466	ぶんるい	【分類】	(名･动３他)	分类，分门别类	5
1467	ぶんつう	【文通】	(名･动３自)	通信，书信往来	5
1468	へいき	【平気】	(名･形  2)	镇静，不在乎	4
1469	へいきん	【平均】	(名･动３他)	平均，均衡；平均值	4
1470	へいじつ	【平日】	(名)	周休、节假以外的日子	4
1471	へいぜん	【平然】	(形  2)	沉着，冷静	5
1472	ペース	【pace】	(名)	步调，步伐，速度	5
1473	ベストセラー	【best-seller】	(名･形  2)	畅销书	5
1474	へそ		(名)	肚脐	5
1475	ペット	【pet】	(名)	宠物	5
1476	へび	【蛇】	(名)	蛇	5
1477	へらす	【減らす】	(动  1  他)	减少，削减	5
1478	へる	【減る】	(动  1  自)	减少	4
1479	へん	【変】	(形  2)	怪，奇怪;古怪，反常	5
1480	ポイント	【point】	(名)	百分点，分数，要点	4
1481	ぼうえき	【貿易】	(名･动３自)	(进出口)贸易	5
1482	ほうかい	【崩壊】	(名･动３自)	崩溃，垮塌	5
1483	ぼうぎょ	【防御】	(名･动３他)	防御	5
1484	ほうこう	【方向】	(名)	方向	4
1485	ほうさく	【豊作】	(名)	丰收	4
1486	ほうじる	【報じる】	(动  2  自他)	报答；通知	5
1487	ぼうそう	【暴走】	(名･动３自)	飙车，失控，鲁莽从事	5
1488	ほうだい	【放題】	(后缀)	自由，随便，无限制	5
1489	ほうどう	【報道】	(名･动３他)	报道	5
1490	ほうび	【褒美】	(名)	奖品，奖赏，褒扬	4
1491	ほうふ	【抱負】	(名)	抱负	5
1492	ほうもん	【訪問】	(名･动３他)	访问，造访；(表敬)拜访	4
1493	ほうりつ	【法律】	(名)	法律	4
1494	ホームステイ	【homestay】	(名)	寄宿家访	5
1495	ほえる	【吠える】	(动  2  自)	犬吠，吼；大声叫	5
1496	ボーナス	【bonus】	(名)	奖金；额外津贴	5
1497	ホームレス	【homeless】	(名)	无家可归者，流浪者	4
1498	ボールペン	【ball  pen】	(名)	圆珠笔	5
1499	ほぐす	【解す】	(动  1  他)	放松，缓解，松解	5
1500	ポケット	【pocket】	(名)	口袋，衣袋；袖珍，小型	5
1501	ほご	【保護】	(名･动３他)	保护	5
1502	ほこり	【誇り】	(名)	自豪，骄傲；荣誉	5
1503	ほこり	【埃】	(名)	尘埃，灰尘，尘土	5
1504	ほじょ	【補助】	(名･动３他)	补助，辅助	5
1505	ほしょうにん	【保証人】	(名)	担保人，保证人	5
1506	ほそながい	【細長い】	(形  1)	细长	4
1507	ほぞん	【保存】	(名･动３他)	保存	4
1508	ボタン	【葡botão  】	(名)	纽扣，按钮	5
1509	ホッチキス	【Hotchkiss】	(名)	订书机	5
1510	ホット	【hot】	(名)	热的，热	5
1511	ほっと		(副･动  3  自)	放心，松了一口气	5
1512	ホテル	【hotel】	(名)	宾馆，饭店；旅馆	4
1513	ほどう	【歩道】	(名)	人行道	5
1514	ほめる	【褒める】	(动  2  他)	表扬，夸奖	4
1515	ボランティア	【volunteer】	(名)	志愿者	5
1516	ほる	【掘る】	(动  1  他)	挖，挖掘	5
1517	ぼんおどり	【盆踊り】	(名)	盂兰盆舞	4
1518	ほんね	【本音】	(名)	真心话	5
1519	ぼんやり		(副･动  3  自)	模糊；恍惚；发呆	5
1520	マイナス	【minus】	(名)	减，负；亏损；不利	4
1521	まいる	【参る】	(动  1  自)	(自谦)去，来	4
1522	まえむき	【前向き】	(名･形  2)	面向前方，积极	4
1523	まかせる	【任せる】	(动  1  他)	托付，听任，听凭	5
1524	まがる	【曲がる】	(动  1  自)	弯曲，拐弯	5
1525	まく	【巻く】	(动  1  他)	卷上，缠上	4
1526	まくら	【枕】	(名)	枕头	4
1527	まけずぎらい	【負けず嫌い】	(名･形  2)	好强，好胜，不认输	5
1528	まける	【負ける】	(动  2  自)	输，败；屈服，示弱	5
1529	まげる	【曲げる】	(动  2  他)	弄弯，歪曲	5
1530	まご	【孫】	(名)	孙子(女)，外孙(女)	5
1531	まじめ	【真面目】	(形  2)	认真，严肃，诚实	4
1532	ます	【増す】	(动  1  自他)	增多，增大；增加，增添	5
1533	まずい	【不味い】	(形  1)	不好吃；（技艺）拙劣	5
1534	まずしい	【貧しい】	(形  1)	穷；贫穷，穷苦，贫困	5
1535	ますます	【益益】	(副)	越发，越来越，更加	5
1536	まぜる	【混ぜる】	(动  2  他)	掺和，搅拌	5
1537	または		(接)	或者，要么	4
1538	まちがえる	【間違える】	(动  2  他)	弄错，搞错，做错	5
1539	まったく	【全く】	(副)	完全，简直	4
1540	まつり	【祭り】	(名)	祭祀；祭日；庙会	4
1541	まどう	【惑う】	(动  1  自)	困惑，拿不定主意	5
1542	まとめる		(动  2  他)	汇总，概括，归纳	4
1543	マナー	【manner】	(名)	礼貌，礼节；举止	5
1544	まぬがれる	【免れる】	(动  2  他)	避免，免受，豁免	4
1545	まぶしい	【眩しい】	(动  1  自)	耀眼，刺眼；	5
1546	まもる	【守る】	(动  1  他)	守卫，保卫；遵守	4
1547	まゆ	【眉】	(名)	眉毛	5
1548	まよう	【迷う】	(动  1  自)	迷惑，犹豫，茫然失措	5
1549	まるうつし	【丸写し】	(名･动  3  他)	抄，照抄，抄写	5
1550	まるで		(副)	宛如，完全	4
1551	まるまる		(副)	完全，全部，整整	5
1552	まわす	【回す】	(动  1  他)	转动；围上；转送，转到	5
1553	まわり	【周り】	(名)	周围	4
1554	まわる	【回る】	(动  1  自)	转，巡回，迂回	5
1555	まんぞく	【満足】	(名･动3  自･形2)	满足，满意	4
1556	みかける	【見かける】	(动  2  他)	看到，看见	5
1557	みかた	【味方】	(名)	同伙，自己人	5
1558	みじめ	【惨め】	(形  2)	悲惨，凄惨	5
1559	みずうみ	【湖】	(名)	湖	5
1560	みせる	【見せる】	(动  2  他)	给…看，让…看；出示	4
1561	みたす	【満たす】	(动  1  他)	充满，填满，满足	5
1562	みちあふれる	【満ち溢れる】	(动  2  自)	洋溢，充满	5
1563	みちすじ	【道筋】	(名)	路线；道理	5
1564	みつかる	【見つかる】	(动  1  自)	被发现，被找到	4
1565	みつける	【見つける】	(动  2  他)	找出，发现	5
1566	みとめる	【認める】	(动  2  他)	认识，承认	4
1567	みなおす	【見直す】	(动  1  他)	重看，重新估价、认识	5
1568	みなと	【港】	(名)	港，港口	5
1569	みなれる	【見慣れる】	(动  2  自)	看惯	5
1570	みにつく	【身に付く】	(动  1  自)	成为自己的东西，掌握	5
1571	みにつける	【身につける】	(动  2  他)	穿戴在身上；掌握	4
1572	みぶり	【身振り】	(名)	形体动作	5
1573	みぶん	【身分】	(名)	身份	5
1574	みまもる	【見守る】	(动  1  他)	注视，关怀，关注	5
1575	みまん	【未満】	(名)	未满，不足	4
1576	みみもと	【耳元】	(名)	耳边，耳旁	5
1577	みりょく	【魅力】	(名)	魅力	5
1578	むえん	【無縁】	(名･形  2)	无缘，没关系	5
1579	むかう	【向かう】	(动  1  自)	向，朝，面向；往～去	5
1580	むく	【向く】	(动  1  自他)	向，面对；适合	4
1581	むける	【向ける】	(动  2  他)	向，朝，对	5
1582	むしば	【虫歯】	(名)	蛀牙；蛀齿，龋齿	5
1583	むす	【蒸す】	(动  1  他)	蒸	5
1584	むすこ	【息子】	(名)	儿子；男孩	5
1585	むすぶ	【結ぶ】	(动１他)	系结，结合；建立关系	4
1586	むすめ	【娘】	(名)	女儿，闺女；女孩，姑娘	5
1587	むだ	【無駄】	(名･形  2)	徒劳，无用；白费	4
1588	むてき	【無敵】	(名･形  2)	无敌	4
1589	むね	【胸】	(名)	胸，胸部；内心	5
1590	むよう	【無用】	(名･形  2)	无用，禁止，无需	4
1591	むり	【無理】	(名･形  2)	勉强，硬要	4
1592	むりょう	【無料】	(名)	免费	4
1593	めい	【姪】	(名)	侄女，外甥女	4
1594	めいし	【名刺】	(名)	名片	4
1595	めいわく	【迷惑】	(名･动3  自･形2)	麻烦，烦扰，为难，打搅	4
1596	メール	【mail】	(名)	邮件	5
1597	めぐむ	【恵む】	(动  1  他)	施舍；救济，怜恤，周济	5
1598	めざす	【目指す】	(动  1  他)	以…为目标（目的）	4
1599	めし	【飯】	(名)	饭；饭碗，生活，生计	5
1600	めずらしい	【珍しい】	(形  1)	新奇，稀奇；罕见	5
1601	めだつ	【目立つ】	(动  1  自)	显眼，显著，引人注目	5
1602	メッセージ	【message】	(名)	寄语，留言，口信	4
1603	メディア	【media】	(名)	媒介，宣传媒体	5
1604	めでたい		(形  1)	可贺可喜，出色	4
1605	めまい	【眩暈】	(名)	头晕目眩	4
1606	メリット	【merit】	(名)	优点，长处，价值	4
1607	めんせつ	【面接】	(名･动  3  自)	面试，接见	5
1608	もうかる	【儲かる】	(动  1  自)	赚钱，赚	5
1609	もうける	【儲ける】	(动  2  他)	赚钱，发财，得利	5
1610	もうける	【設ける】	(动  2  他)	准备；设置，设立，制定	5
1611	もうしわけない	【申し訳ない】	(形  1)	非常抱歉，无法辩解	5
1612	もえる	【燃える】	(动  2  自)	燃烧	4
1613	もぐる	【潜る】	(动  1  自)	潜水；藏入；潜入	4
1614	もし		(副)	要是，如果	4
1615	もしくは		(接)	或，或者	4
1616	もたらす		(动  1  他)	带来〔去〕；招致，造成	5
1617	もちあげる	【持ち上げる】	(动  2  他)	举起，抬起，拿起；抬举	5
1618	もちあるく	【持ち歩く】	(动  1  他)	拿着...到处走	5
1619	もちいる	【用いる】	(动  2  他)	使用；任用；采用	5
1620	モチベーション	【motivation】	(名)	动机，促动因素	4
1621	もちろん	【勿論】	(副)	当然，不必说	4
1622	もっとも	【最も】	(副)	最，顶	4
1623	もとづく	【基づく】	(动  1  自)	根据，基于，按照	5
1624	もとめる	【求める】	(动  2  他)	想要，寻求，要求	4
1625	ものがたり	【物語り】	(名)	故事，传说	5
1626	ものごころ	【物心】	(名)	懂事，懂人情世故	5
1627	ものまね	【物真似】	(名･动  3  他)	模仿，仿效	5
1628	もはや	【最早】	(副)	(事到如今)已经	5
1629	もみじ	【紅葉】	(名)	枫叶，红叶	5
1630	もやす	【燃やす】	(动  1  他)	烧，燃火；燃起，迸发出	5
1631	もよう	【模様】	(名)	花纹，图案；情况，样子	4
1632	もよおす	【催す】	(动  1  他)	举行；举办；主办	5
1633	もりあがる	【盛り上がる】	(动  1  自)	热烈，活跃，高涨	4
1634	もん	【門】	(名)	大门	4
1635	もんく	【文句】	(名)	话语；意见，牢骚；异议	5
1636	もんげん	【門限】	(名)	关门时间	5
1637	やがて		(副)	不久，最近；结果	5
1638	やかましい	【喧しい】	(形  1)	吵闹；严格，苛刻	5
1639	やく	【焼く】	(动  1  他)	烧，烤，烘烤	5
1640	やくす	【訳す】	(动  1  他)	译，翻译	5
1641	やくしょ	【役所】	(名)	官署，官厅	4
1642	やくわり	【役割】	(名)	任务，职务，作用	5
1643	やしなう	【養う】	(动  1  他)	养活，养育	5
1644	やせる	【痩せる】	(动  2  自)	瘦，瘠薄，贫瘠	5
1645	やつあたり	【八つ当たり】	(名･动  3  自)	乱发脾气，对谁都发火	5
1646	やっかい	【厄介】	(名･形  2)	麻烦；难办	5
1647	やっと		(副)	好不容易，总算，终于	5
1648	やとう	【雇う】	(动  1  他)	雇，雇佣	5
1649	やね	【屋根】	(名)	屋顶，房顶	5
1650	やはり		(副)	仍然，也，毕竟，还是	4
1651	やぶる	【破る】	(动  1  他)	弄破，打败	5
1652	やぶれる	【破れる】	(动  2  自)	破，破损	5
1653	やむ	【止む】	(动  1  自)	停止	5
1654	やるき	【やる気】	(名)	干劲	4
1655	やわらかい	【柔らかい】	(形  1)	软，嫩；柔软，柔和	5
1656	やわらげる	【和らげる】	(动  2  他)	使缓和，使柔和	5
1657	ゆか	【床】	(名)	地板	4
1658	ゆかい	【愉快】	(形  2)	愉快，开心	5
1659	ゆかた	【浴衣】	(名)	夏季穿的单衣，浴衣	5
1660	ゆうしょう	【優勝】	(名･动３自)	冠军，名列第一	4
1661	ユーモア	【humor】	(名)	幽默，滑稽，诙谐	5
1662	ゆくえふめい	【行方不明】	(名)	去向不明	4
1663	ゆずる	【譲る】	(动  1  他)	让，谦让，转让	5
1664	ゆだん	【油断】	(名･动  3  自)	疏忽大意	4
1665	ゆでる	【茹でる】	(动  2  自)	煮，烫，焯	4
1666	ゆとり		(名)	宽裕，余地	5
1667	ユニーク	【unique】	(形  2)	独特	4
1668	ゆにゅう	【輸入】	(名･动  3  他)	进口	5
1669	ゆびさき	【指先】	(名)	指尖	5
1670	ゆるい	【緩い】	(形  1)	松，不紧；缓慢	5
1671	ゆるす	【許す】	(动  1  他)	宽恕，允许，认可	4
1672	ゆれる	【揺れる】	(动  2  自)	摇动，摇晃，摇摆	4
1673	よい	【酔い】	(名)	酔；晕车，晕船	5
1674	ようい	【用意】	(名･动  3  他)	准备，预备；注意；警惕	5
1675	ようじ	【用事】	(名)	应该做的事情	4
1676	ようす	【様子】	(名)	情况，动向，迹象	4
1677	ようふく	【洋服】	(名)	西式服装	4
1678	ようやく	【漸く】	(副)	好不容易；勉强；总算	5
1679	ようりょう	【要領】	(名)	要领，要点；诀窍	5
1680	ヨーグルト	【Yoghurt】	(名)	酸奶，酸乳酪	5
1681	よけい	【余計】	(形  2･副)	过多，多余，更加	5
1682	よこぎる	【横切る】	(动  1  他)	横穿，穿过	5
1683	よごれる	【汚れる】	(动  2  自)	脏，肮脏	5
1684	よさん	【予算】	(名)	预算	5
1685	よしゅう	【予習】	(名･动  3  他)	预习	4
1686	よせる	【寄せる】	(动  2  自他)	靠近，召集，投靠	5
1687	よそう	【予想】	(名･动  3  他)	预料，预计	4
1688	よっぱらう	【酔っ払う】	(动  1  自)	喝得酩酊大醉，神志不清	5
1689	よてい	【予定】	(名･动  3  他)	预定	4
1690	よなか	【夜中】	(名)	半夜，深夜	4
1691	よのなか	【世の中】	(名)	世上，社会	5
1692	よびかける	【呼びかける】	(动  2  他)	打招呼，呼吁，号召	4
1693	よぼう	【予防】	(名･动  3  他)	预防	4
1694	よほど		(副)	很，相当	5
1695	よめ	【嫁】	(名)	儿媳妇；妻，媳妇儿，新娘	5
1696	よゆう	【余裕】	(名)	富裕，充裕，从容	5
1697	よる	【寄る】	(动  1  自)	靠(近)；顺便到	5
1698	より		(副)	更，更加	4
1699	よろこぶ	【喜ぶ】	(动  1  自他)	欢喜，高兴；欣然接受	5
1700	よわる	【弱る】	(动  1  自)	软弱，衰弱	5
1701	ライフスタイル	【lifestyle】	(名)	生活方式	4
1702	らく	【楽】	(形  2)	轻松，舒服	4
1703	ラッシュ	【rush】	(名)	拥挤时间	4
1704	ランキング	【ranking】	(名)	排名，名次	4
1705	りえき	【利益】	(名)	利益	5
1706	りかい	【理解】	(名･动  3  他)	理解	4
1707	リサイクル	【recycle】	(名･动  3  自)	废物回收利用	4
1708	リスク	【risk】	(名)	风险	4
1709	リズム	【rhythm】	(名)	韵律，格律，节奏	5
1710	りっぱ	【立派】	(名･形  2)	漂亮，出色	4
1711	リハーサル	【rehearsal】	(名)	彩排，排练	5
1712	りゅうこう	【流行】	(名･动  3  自)	流行	4
1713	りよう	【利用】	(名･动  3  他)	利用，发挥功能、长处	4
1714	りょうかい	【了解】	(名･动  3  他)	了解，领会，明白	5
1715	りょうがえ	【両替】	(名･动  3  他)	兑换，换钱	5
1716	りょうきん	【料金】	(名)	费用	4
1717	りょうりつ	【両立】	(名･动  3  自)	并存，两立	4
1718	りょかん	【旅館】	(名)	(日式)旅馆	4
1719	リラックス	【relax】	(名･动３自)	放松，松弛，缓和	5
1720	ルール	【rule】	(名)	规则，规定	5
1721	るす	【留守】	(名)	不在家	4
1722	れい	【礼】	(名)	礼，谢意，谢礼，礼品	5
1723	れいぎ	【礼儀】	(名)	礼节，礼貌	5
1724	れいぞうこ	【冷蔵庫】	(名)	冰箱	4
1725	レジ	【register】	(名)	收款处，收银员	4
1726	レジャー	【leisure】	(名)	空闲，闲暇，业余时间	5
1727	レストラン	【restaurant】	(名)	餐厅	4
1728	レポート	【report】	(名)	报告书，小论文	5
1729	れんきゅう	【連休】	(名)	连休	5
1730	レンタル	【rental】	(名･动３他)	租赁，出租	5
1731	れんらく	【連絡】	(名･动３自他)	联络，联系	4
1732	ワイシャツ	【white  shirt】	(名)	(男)衬衫，衬衣	4
1733	ワイン	【wine】	(名)	葡萄酒，红酒	5
1734	わかい	【若い】	(形  1)	年轻的	4
1735	わかす	【沸かす】	(动  1  他)	烧热，烧开	5
1736	わかちあう	【分かち合う】	(动  1  他)	分担，分享	5
1737	わがまま		(名･形  2)	任性	4
1738	わかもの	【若者】	(名)	年青人	4
1739	わかれる	【別れる】	(动  2  自)	分开，分手，分别	4
1740	わく	【湧く･沸く】	(动  1  自)	涌出，冒出，沸腾	4
1741	わくわく		(副･动  3  自)	兴奋、期待	4
1742	わけ	【訳】	(名)	原因；理由；道理	5
1743	わける	【分ける】	(动  2  他)	分；分开；分类；拉开	5
1744	わたす	【渡す】	(动  1  他)	送过河；交，付；交给	5
1745	わりあい	【割合】	(名･副)	比例，比率；比较	4
1746	わりと	【割と】	(副)	比较…，	5
1747	わりばし	【割り箸】	(名)	卫生筷子，一次性筷子	5
1748	わる	【割る】	(动  1  他)	分，除；弄碎	5
1749	われる	【割れる】	(动  2  自)	分裂；破裂，碎	5
1750	あいづちをうつ	【相槌を打つ】	(词组)	打帮腔；随声附和	5
1751	あしがぼうになる	【足が棒になる】	(词组)	腿脚累得要命；腿累酸	5
1752	あしをあらう	【足を洗う】	(词组)	金盆洗手，改邪归正	5
1753	あせをかく	【汗をかく】	(词组)	出(大)汗	5
1754	あたまにくる	【頭に来る】	(词组)	头昏脑涨；气得发昏	5
1755	あとのまつり	【後の祭り】	(词组)	马后炮，雨后送伞	5
1756	いきがつまる	【息が詰まる】	(词组)	呼吸困难；憋气；感到压抑	5
1757	いじがわるい	【意地が悪い】	(词组)	用心不良；故意刁难	5
1758	いわぬがはな	【言わぬが花】	(词组)	沉默是金，不语为妙	5
1759	おとをたてる	【音を立てる】	(词组)	弄出声音；发出音响	5
1760	おににかなぼう	【鬼に金棒】	(词组)	如虎添翼	5
1761	かおがきく	【顔が利く】	(词组)	有面子；吃得开	5
1762	かおがひろい	【顔が広い】	(词组)	交际广	5
1763	きがきく	【気が利く】	(词组)	机灵，有眼力见儿，乖巧	4
1764	きがすすむ	【気が進む】	(词组)	想做（某事）	5
1765	きがつく	【気がつく】	(词组)	发现，注意到	4
1766	きがちいさい	【気が小さい】	(词组)	心眼小;  气量小;  度量小	5
1767	きげんをとる	【機嫌を取る】	(词组)	讨好；取悦；逢迎	5
1768	きにいる	【気に入る】	(词组)	中意，喜欢，看中	4
1769	きにさわる	【気に障る】	(词组)	令人不快，触怒，得罪	5
1770	きにする	【気にする】	(词组)	介意，在意	5
1771	きになる	【気になる】	(词组)	在意，介意	4
1772	きをくばる	【気を配る】	(词组)	多方注意，留神，用心周到	5
1773	くちがうまい	【口が上手い】	(词组)	会说奉承话；嘴甜；嘴巧	5
1774	くびにする	【首にする】	(词组)	撤职，开除	5
1775	くびをしめる	【首を絞める】	(词组)	掐住脖子（勒死）	5
1776	けんとうをつける	【見当を付ける】	(词组)	大致估计，预想	5
1777	こころをうつ	【心を打つ】	(词组)	打动，感动	5
1778	せきをはずす	【席を外す】	(词组)	离开，退居	5
1779	そうだんにのる	【相談に乗る】	(词组)	参与商谈；帮人斟酌	5
1780	ちからをかりる	【力を借りる】	(词组)	借助，寻求帮助	4
1781	てがかかる	【手がかかる】	(词组)	费事；麻烦	5
1782	てがとどく	【手が届く】	(词组)	办得到；够得着；买得起	5
1783	てにいれる	【手に入れる】	(词组)	到手，据为己有	4
1784	てをうつ	【手を打つ】	(词组)	采取措施；设法处理	5
1785	てをかす	【手を貸す】	(词组)	帮助别人	5
1786	てをかりる	【手を借りる】	(词组)	求别人帮忙，求助	5
1787	ねこにこばん	【猫に小判】	(词组)	投珠与豕；对牛弹琴	5
1788	ねんをおす	【念を押す】	(词组)	叮问；叮嘱	5
1789	はじをかく	【恥をかく】	(词组)	出丑；丢脸；丢人	5
1790	はながたかい	【鼻が高い】	(词组)	得意扬扬	5
1791	はなしがはずむ	【話が弾む】	(词组)	聊(谈)得起劲	5
1792	はなよりだんご	【花より団子】	(词组)	不求风流但求实惠	5
1793	はらがたつ	【腹が立つ】	(词组)	生气，发怒	5
1794	ひにやける	【日に焼ける】	(词组)	(太阳)晒黑(肤色)	5
1795	ほねがおれる	【骨が折れる】	(词组)	费力气；费劲；棘手	5
1796	みみがとおい	【耳が遠い】	(词组)	耳沉；耳背	5
1797	めがない	【目がない】	(词组)	非常喜欢；着迷	5
1798	めにつく	【目に付く】	(词组)	注意到，看到	4
1799	ものをいう	【物を言う】	(词组)	说话；起作用，顶用	5
